[
  {
    "model": "awsmedia.media",
    "pk": 6,
    "fields": {
      "created": "2019-06-05T18:46:54.960Z",
      "modified": "2019-12-05T22:35:05.156Z",
      "status": "active",
      "name": "Kelechi - Going Home",
      "description": "",
      "transcript": "",
      "tips": "",
      "completion_time": null,
      "duration": null,
      "file_type": "video",
      "transcode_status": "completed",
      "order": 0,
      "file_field": "Kelechi_-_Going_HomeV2.mp4",
      "file_field_original_name": "",
      "subtitle_file": "",
      "poster": "",
      "thumbnail": "",
      "fpm4_transcode": "Kelechi_-_Going_HomeV2//index.mpd",
      "mp4_transcode": "Kelechi_-_Going_HomeV2//jaspr_720p_Kelechi_-_Going_HomeV2.mp4",
      "mp3_transcode": "",
      "hls_playlist": "Kelechi_-_Going_HomeV2//index.m3u8",
      "dash_playlist": "Kelechi_-_Going_HomeV2//index.mpd"
    }
  },
  {
    "model": "awsmedia.media",
    "pk": 7,
    "fields": {
      "created": "2019-06-05T20:47:23.444Z",
      "modified": "2019-12-05T22:20:05.826Z",
      "status": "active",
      "name": "Kelechi - Relationship to Suicide",
      "description": "",
      "transcript": "",
      "tips": "",
      "completion_time": null,
      "duration": null,
      "file_type": "video",
      "transcode_status": "completed",
      "order": 0,
      "file_field": "Kelechi_-_Relationship_to_Suicidev2.mp4",
      "file_field_original_name": "",
      "subtitle_file": "",
      "poster": "",
      "thumbnail": "",
      "fpm4_transcode": "Kelechi_-_Relationship_to_Suicidev2//index.mpd",
      "mp4_transcode": "Kelechi_-_Relationship_to_Suicidev2//jaspr_720p_Kelechi_-_Relationship_to_Suicidev2.mp4",
      "mp3_transcode": "",
      "hls_playlist": "Kelechi_-_Relationship_to_Suicidev2//index.m3u8",
      "dash_playlist": "Kelechi_-_Relationship_to_Suicidev2//index.mpd"
    }
  },
  {
    "model": "awsmedia.media",
    "pk": 8,
    "fields": {
      "created": "2019-06-05T20:52:03.488Z",
      "modified": "2019-11-27T20:20:05.041Z",
      "status": "active",
      "name": "Topher - Relationship to Suicide",
      "description": "",
      "transcript": "",
      "tips": "",
      "completion_time": null,
      "duration": null,
      "file_type": "video",
      "transcode_status": "completed",
      "order": 0,
      "file_field": "Topher_-_Relationship_to_Suicide_Now.mp4",
      "file_field_original_name": "",
      "subtitle_file": "",
      "poster": "",
      "thumbnail": "",
      "fpm4_transcode": "Topher_-_Relationship_to_Suicide_Now//index.mpd",
      "mp4_transcode": "Topher_-_Relationship_to_Suicide_Now//jaspr_720p_Topher_-_Relationship_to_Suicide_Now.mp4",
      "mp3_transcode": "",
      "hls_playlist": "Topher_-_Relationship_to_Suicide_Now//index.m3u8",
      "dash_playlist": "Topher_-_Relationship_to_Suicide_Now//index.mpd"
    }
  },
  {
    "model": "awsmedia.media",
    "pk": 9,
    "fields": {
      "created": "2019-06-05T21:15:59.653Z",
      "modified": "2019-12-05T22:05:05.569Z",
      "status": "active",
      "name": "Kelechi - My Story",
      "description": "",
      "transcript": "",
      "tips": "",
      "completion_time": null,
      "duration": null,
      "file_type": "video",
      "transcode_status": "completed",
      "order": 0,
      "file_field": "Kelechi_-_My_StoryV2.mp4",
      "file_field_original_name": "",
      "subtitle_file": "",
      "poster": "",
      "thumbnail": "",
      "fpm4_transcode": "Kelechi_-_My_StoryV2//index.mpd",
      "mp4_transcode": "Kelechi_-_My_StoryV2//jaspr_720p_Kelechi_-_My_StoryV2.mp4",
      "mp3_transcode": "",
      "hls_playlist": "Kelechi_-_My_StoryV2//index.m3u8",
      "dash_playlist": "Kelechi_-_My_StoryV2//index.mpd"
    }
  },
  {
    "model": "awsmedia.media",
    "pk": 10,
    "fields": {
      "created": "2019-06-05T21:22:14.395Z",
      "modified": "2019-11-25T20:35:05.243Z",
      "status": "active",
      "name": "Ashley - What I Do to Stay Well",
      "description": "",
      "transcript": "",
      "tips": "",
      "completion_time": null,
      "duration": null,
      "file_type": "video",
      "transcode_status": "completed",
      "order": 0,
      "file_field": "Ashley_-_What_I_Do_to_Stay_Well.mp4",
      "file_field_original_name": "",
      "subtitle_file": "",
      "poster": "",
      "thumbnail": "",
      "fpm4_transcode": "Ashley_-_What_I_Do_to_Stay_Well//index.mpd",
      "mp4_transcode": "Ashley_-_What_I_Do_to_Stay_Well//jaspr_720p_Ashley_-_What_I_Do_to_Stay_Well.mp4",
      "mp3_transcode": "",
      "hls_playlist": "Ashley_-_What_I_Do_to_Stay_Well//index.m3u8",
      "dash_playlist": "Ashley_-_What_I_Do_to_Stay_Well//index.mpd"
    }
  },
  {
    "model": "awsmedia.media",
    "pk": 11,
    "fields": {
      "created": "2019-06-05T21:28:06.237Z",
      "modified": "2019-11-27T20:20:05.384Z",
      "status": "active",
      "name": "Topher - What I Do to Stay Well",
      "description": "",
      "transcript": "",
      "tips": "",
      "completion_time": null,
      "duration": null,
      "file_type": "video",
      "transcode_status": "completed",
      "order": 0,
      "file_field": "Topher_-_What_I_Do_to_Stay_Well.mp4",
      "file_field_original_name": "",
      "subtitle_file": "",
      "poster": "",
      "thumbnail": "",
      "fpm4_transcode": "Topher_-_What_I_Do_to_Stay_Well//index.mpd",
      "mp4_transcode": "Topher_-_What_I_Do_to_Stay_Well//jaspr_720p_Topher_-_What_I_Do_to_Stay_Well.mp4",
      "mp3_transcode": "",
      "hls_playlist": "Topher_-_What_I_Do_to_Stay_Well//index.m3u8",
      "dash_playlist": "Topher_-_What_I_Do_to_Stay_Well//index.mpd"
    }
  },
  {
    "model": "awsmedia.media",
    "pk": 12,
    "fields": {
      "created": "2019-06-05T21:37:09.926Z",
      "modified": "2019-12-05T22:20:06.177Z",
      "status": "active",
      "name": "Kelechi - My Wish For You",
      "description": "",
      "transcript": "",
      "tips": "",
      "completion_time": null,
      "duration": null,
      "file_type": "video",
      "transcode_status": "completed",
      "order": 0,
      "file_field": "Kelechi_-_My_Wish_for_Youv2.mp4",
      "file_field_original_name": "",
      "subtitle_file": "",
      "poster": "",
      "thumbnail": "",
      "fpm4_transcode": "Kelechi_-_My_Wish_for_Youv2//index.mpd",
      "mp4_transcode": "Kelechi_-_My_Wish_for_Youv2//jaspr_720p_Kelechi_-_My_Wish_for_Youv2.mp4",
      "mp3_transcode": "",
      "hls_playlist": "Kelechi_-_My_Wish_for_Youv2//index.m3u8",
      "dash_playlist": "Kelechi_-_My_Wish_for_Youv2//index.mpd"
    }
  },
  {
    "model": "awsmedia.media",
    "pk": 13,
    "fields": {
      "created": "2019-06-05T21:38:33.210Z",
      "modified": "2019-11-25T19:50:05.926Z",
      "status": "active",
      "name": "Ashley - My Wish For You",
      "description": "",
      "transcript": "",
      "tips": "",
      "completion_time": null,
      "duration": null,
      "file_type": "video",
      "transcode_status": "completed",
      "order": 0,
      "file_field": "Ashley_-_My_Wish_for_You.mp4",
      "file_field_original_name": "",
      "subtitle_file": "",
      "poster": "",
      "thumbnail": "",
      "fpm4_transcode": "Ashley_-_My_Wish_for_You//index.mpd",
      "mp4_transcode": "Ashley_-_My_Wish_for_You//jaspr_720p_Ashley_-_My_Wish_for_You.mp4",
      "mp3_transcode": "",
      "hls_playlist": "Ashley_-_My_Wish_for_You//index.m3u8",
      "dash_playlist": "Ashley_-_My_Wish_for_You//index.mpd"
    }
  },
  {
    "model": "awsmedia.media",
    "pk": 14,
    "fields": {
      "created": "2019-06-05T22:17:02.196Z",
      "modified": "2019-12-05T22:05:05.958Z",
      "status": "active",
      "name": "Ashley - My Story",
      "description": "",
      "transcript": "",
      "tips": "",
      "completion_time": null,
      "duration": null,
      "file_type": "video",
      "transcode_status": "completed",
      "order": 0,
      "file_field": "Ashley_-_My_Story_uploaded.mp4",
      "file_field_original_name": "",
      "subtitle_file": "",
      "poster": "",
      "thumbnail": "",
      "fpm4_transcode": "Ashley_-_My_Story_uploaded//index.mpd",
      "mp4_transcode": "Ashley_-_My_Story_uploaded//jaspr_720p_Ashley_-_My_Story_uploaded.mp4",
      "mp3_transcode": "",
      "hls_playlist": "Ashley_-_My_Story_uploaded//index.m3u8",
      "dash_playlist": "Ashley_-_My_Story_uploaded//index.mpd"
    }
  },
  {
    "model": "awsmedia.media",
    "pk": 15,
    "fields": {
      "created": "2019-06-05T22:30:30.061Z",
      "modified": "2019-11-27T19:35:05.183Z",
      "status": "active",
      "name": "Topher - My Story",
      "description": "",
      "transcript": "",
      "tips": "",
      "completion_time": null,
      "duration": null,
      "file_type": "video",
      "transcode_status": "completed",
      "order": 0,
      "file_field": "Topher_-_My_Story.mp4",
      "file_field_original_name": "",
      "subtitle_file": "",
      "poster": "",
      "thumbnail": "",
      "fpm4_transcode": "Topher_-_My_Story//index.mpd",
      "mp4_transcode": "Topher_-_My_Story//jaspr_720p_Topher_-_My_Story.mp4",
      "mp3_transcode": "",
      "hls_playlist": "Topher_-_My_Story//index.m3u8",
      "dash_playlist": "Topher_-_My_Story//index.mpd"
    }
  },
  {
    "model": "awsmedia.media",
    "pk": 16,
    "fields": {
      "created": "2019-06-06T15:43:18.171Z",
      "modified": "2019-09-04T14:39:59.712Z",
      "status": "active",
      "name": "Ocean Life",
      "description": "",
      "transcript": "",
      "tips": "",
      "completion_time": null,
      "duration": null,
      "file_type": "video",
      "transcode_status": "completed",
      "order": 0,
      "file_field": "sea_creatures.mp4",
      "file_field_original_name": "",
      "subtitle_file": "",
      "poster": "oceanLifePoster.png",
      "thumbnail": "",
      "fpm4_transcode": "sea_creatures//index.mpd",
      "mp4_transcode": "sea_creatures//jaspr_720p_sea_creatures.mp4",
      "mp3_transcode": "",
      "hls_playlist": "sea_creatures//index.m3u8",
      "dash_playlist": "sea_creatures//index.mpd"
    }
  },
  {
    "model": "awsmedia.media",
    "pk": 17,
    "fields": {
      "created": "2019-06-06T15:48:47.188Z",
      "modified": "2019-09-04T14:31:04.948Z",
      "status": "active",
      "name": "Crackling Fireplace",
      "description": "",
      "transcript": "",
      "tips": "",
      "completion_time": null,
      "duration": null,
      "file_type": "video",
      "transcode_status": "completed",
      "order": 0,
      "file_field": "fireplace.mp4",
      "file_field_original_name": "",
      "subtitle_file": "",
      "poster": "fireplacePoster.png",
      "thumbnail": "",
      "fpm4_transcode": "fireplace//index.mpd",
      "mp4_transcode": "fireplace//jaspr_720p_fireplace.mp4",
      "mp3_transcode": "",
      "hls_playlist": "fireplace//index.m3u8",
      "dash_playlist": "fireplace//index.mpd"
    }
  },
  {
    "model": "awsmedia.media",
    "pk": 18,
    "fields": {
      "created": "2019-06-06T15:53:23.893Z",
      "modified": "2019-09-04T14:41:48.304Z",
      "status": "active",
      "name": "Puppies",
      "description": "",
      "transcript": "",
      "tips": "",
      "completion_time": null,
      "duration": null,
      "file_type": "video",
      "transcode_status": "completed",
      "order": 0,
      "file_field": "puppies.mp4",
      "file_field_original_name": "",
      "subtitle_file": "",
      "poster": "puppiesPOster.png",
      "thumbnail": "",
      "fpm4_transcode": "puppies//index.mpd",
      "mp4_transcode": "puppies//jaspr_720p_puppies.mp4",
      "mp3_transcode": "",
      "hls_playlist": "puppies//index.m3u8",
      "dash_playlist": "puppies//index.mpd"
    }
  },
  {
    "model": "awsmedia.media",
    "pk": 19,
    "fields": {
      "created": "2019-06-06T22:31:44.959Z",
      "modified": "2019-11-27T20:35:04.947Z",
      "status": "active",
      "name": "What to Expect Today",
      "description": "",
      "transcript": "",
      "tips": "",
      "completion_time": null,
      "duration": null,
      "file_type": "video",
      "transcode_status": "completed",
      "order": 0,
      "file_field": "What_to_Expect_Today.mp4",
      "file_field_original_name": "",
      "subtitle_file": "",
      "poster": "",
      "thumbnail": "",
      "fpm4_transcode": "What_to_Expect_Today//index.mpd",
      "mp4_transcode": "What_to_Expect_Today//jaspr_720p_What_to_Expect_Today.mp4",
      "mp3_transcode": "",
      "hls_playlist": "What_to_Expect_Today//index.m3u8",
      "dash_playlist": "What_to_Expect_Today//index.mpd"
    }
  },
  {
    "model": "awsmedia.media",
    "pk": 20,
    "fields": {
      "created": "2019-06-06T22:41:03.533Z",
      "modified": "2020-02-04T15:46:00.898Z",
      "status": "active",
      "name": "Intro Video - Diana & Dave",
      "description": "",
      "transcript": "",
      "tips": "",
      "completion_time": null,
      "duration": null,
      "file_type": "video",
      "transcode_status": "completed",
      "order": 0,
      "file_field": "Intro_Video_-_Diana__Dave.mp4",
      "file_field_original_name": "",
      "subtitle_file": "",
      "poster": "david_diana_poster-862b7101cf13a044ba012f70cf178bf1.jpg",
      "thumbnail": "",
      "fpm4_transcode": "Intro_Video_-_Diana__Dave//index.mpd",
      "mp4_transcode": "Intro_Video_-_Diana__Dave//jaspr_720p_Intro_Video_-_Diana__Dave.mp4",
      "mp3_transcode": "",
      "hls_playlist": "Intro_Video_-_Diana__Dave//index.m3u8",
      "dash_playlist": "Intro_Video_-_Diana__Dave//index.mpd"
    }
  },
  {
    "model": "awsmedia.media",
    "pk": 23,
    "fields": {
      "created": "2019-06-10T19:13:12.726Z",
      "modified": "2019-09-04T14:32:00.304Z",
      "status": "active",
      "name": "Distract: Survey the Room",
      "description": "",
      "transcript": "",
      "tips": "",
      "completion_time": null,
      "duration": null,
      "file_type": "video",
      "transcode_status": "completed",
      "order": 0,
      "file_field": "PLE-G5-R12_Kelechi_-_Skill_-_Mindfullness_survey_room.mp4",
      "file_field_original_name": "",
      "subtitle_file": "",
      "poster": "distract_surveyTheRoomPoster.png",
      "thumbnail": "",
      "fpm4_transcode": "PLE-G5-R12_Kelechi_-_Skill_-_Mindfullness_survey_room//index.mpd",
      "mp4_transcode": "PLE-G5-R12_Kelechi_-_Skill_-_Mindfullness_survey_room//jaspr_720p_PLE-G5-R12_Kelechi_-_Skill_-_Mindfullness_survey_room.mp4",
      "mp3_transcode": "",
      "hls_playlist": "PLE-G5-R12_Kelechi_-_Skill_-_Mindfullness_survey_room//index.m3u8",
      "dash_playlist": "PLE-G5-R12_Kelechi_-_Skill_-_Mindfullness_survey_room//index.mpd"
    }
  },
  {
    "model": "awsmedia.media",
    "pk": 24,
    "fields": {
      "created": "2019-06-10T19:19:50.591Z",
      "modified": "2019-11-27T23:20:05.328Z",
      "status": "active",
      "name": "Distract: Name Things",
      "description": "",
      "transcript": "",
      "tips": "",
      "completion_time": null,
      "duration": null,
      "file_type": "video",
      "transcode_status": "completed",
      "order": 0,
      "file_field": "Topher_-_Skills_-_Naming_Things.mp4",
      "file_field_original_name": "",
      "subtitle_file": "",
      "poster": "",
      "thumbnail": "",
      "fpm4_transcode": "Topher_-_Skills_-_Naming_Things//index.mpd",
      "mp4_transcode": "Topher_-_Skills_-_Naming_Things//jaspr_720p_Topher_-_Skills_-_Naming_Things.mp4",
      "mp3_transcode": "",
      "hls_playlist": "Topher_-_Skills_-_Naming_Things//index.m3u8",
      "dash_playlist": "Topher_-_Skills_-_Naming_Things//index.mpd"
    }
  },
  {
    "model": "awsmedia.media",
    "pk": 25,
    "fields": {
      "created": "2019-06-10T19:24:33.416Z",
      "modified": "2019-11-27T22:50:05.684Z",
      "status": "active",
      "name": "Inside Outside for Difficult Moments",
      "description": "",
      "transcript": "",
      "tips": "",
      "completion_time": null,
      "duration": null,
      "file_type": "video",
      "transcode_status": "completed",
      "order": 0,
      "file_field": "Charles_-_Skills_-_Inside_Outside.mp4",
      "file_field_original_name": "",
      "subtitle_file": "",
      "poster": "",
      "thumbnail": "",
      "fpm4_transcode": "Charles_-_Skills_-_Inside_Outside//index.mpd",
      "mp4_transcode": "Charles_-_Skills_-_Inside_Outside//jaspr_720p_Charles_-_Skills_-_Inside_Outside.mp4",
      "mp3_transcode": "",
      "hls_playlist": "Charles_-_Skills_-_Inside_Outside//index.m3u8",
      "dash_playlist": "Charles_-_Skills_-_Inside_Outside//index.mpd"
    }
  },
  {
    "model": "awsmedia.media",
    "pk": 26,
    "fields": {
      "created": "2019-06-10T19:29:23.773Z",
      "modified": "2019-09-16T21:35:05.367Z",
      "status": "active",
      "name": "Mindfulness of the Senses for Distress",
      "description": "",
      "transcript": "",
      "tips": "",
      "completion_time": null,
      "duration": null,
      "file_type": "video",
      "transcode_status": "completed",
      "order": 0,
      "file_field": "PLE-G5-R20_Diana_-_Skills_-_Mindfulness_in_ED_with_Sensesv2.mp4",
      "file_field_original_name": "",
      "subtitle_file": "",
      "poster": "mindfulnessOfTheSensesForDistress_poster.png",
      "thumbnail": "",
      "fpm4_transcode": "PLE-G5-R20_Diana_-_Skills_-_Mindfulness_in_ED_with_Sensesv2//index.mpd",
      "mp4_transcode": "PLE-G5-R20_Diana_-_Skills_-_Mindfulness_in_ED_with_Sensesv2//jaspr_720p_PLE-G5-R20_Diana_-_Skills_-_Mindfulness_in_ED_with_Sensesv2.mp4",
      "mp3_transcode": "",
      "hls_playlist": "PLE-G5-R20_Diana_-_Skills_-_Mindfulness_in_ED_with_Sensesv2//index.m3u8",
      "dash_playlist": "PLE-G5-R20_Diana_-_Skills_-_Mindfulness_in_ED_with_Sensesv2//index.mpd"
    }
  },
  {
    "model": "awsmedia.media",
    "pk": 27,
    "fields": {
      "created": "2019-06-10T19:42:33.563Z",
      "modified": "2019-11-27T22:50:06.038Z",
      "status": "active",
      "name": "Leaning on People You Trust",
      "description": "",
      "transcript": "",
      "tips": "",
      "completion_time": null,
      "duration": null,
      "file_type": "video",
      "transcode_status": "completed",
      "order": 0,
      "file_field": "Beth_-_Skills_-_Leaning_on_People_you_Trust.mp4",
      "file_field_original_name": "",
      "subtitle_file": "",
      "poster": "",
      "thumbnail": "",
      "fpm4_transcode": "Beth_-_Skills_-_Leaning_on_People_you_Trust//index.mpd",
      "mp4_transcode": "Beth_-_Skills_-_Leaning_on_People_you_Trust//jaspr_720p_Beth_-_Skills_-_Leaning_on_People_you_Trust.mp4",
      "mp3_transcode": "",
      "hls_playlist": "Beth_-_Skills_-_Leaning_on_People_you_Trust//index.m3u8",
      "dash_playlist": "Beth_-_Skills_-_Leaning_on_People_you_Trust//index.mpd"
    }
  },
  {
    "model": "awsmedia.media",
    "pk": 28,
    "fields": {
      "created": "2019-06-10T19:51:50.914Z",
      "modified": "2019-12-04T19:48:36.911Z",
      "status": "active",
      "name": "Getting Through Hardest Moments - Topher",
      "description": "",
      "transcript": "",
      "tips": "",
      "completion_time": null,
      "duration": null,
      "file_type": "video",
      "transcode_status": "completed",
      "order": 0,
      "file_field": "Topher_-_Skills_-_Getting_Through_Hardest_Moments.mp4",
      "file_field_original_name": "",
      "subtitle_file": "",
      "poster": "gettingThroughHardestMoments_poster.png",
      "thumbnail": "",
      "fpm4_transcode": "Topher_-_Skills_-_Getting_Through_Hardest_Moments//index.mpd",
      "mp4_transcode": "Topher_-_Skills_-_Getting_Through_Hardest_Moments//jaspr_720p_Topher_-_Skills_-_Getting_Through_Hardest_Moments.mp4",
      "mp3_transcode": "",
      "hls_playlist": "Topher_-_Skills_-_Getting_Through_Hardest_Moments//index.m3u8",
      "dash_playlist": "Topher_-_Skills_-_Getting_Through_Hardest_Moments//index.mpd"
    }
  },
  {
    "model": "awsmedia.media",
    "pk": 29,
    "fields": {
      "created": "2019-06-10T20:10:55.650Z",
      "modified": "2019-09-04T14:40:32.300Z",
      "status": "active",
      "name": "Opposite Action: Changing Emotions",
      "description": "",
      "transcript": "",
      "tips": "",
      "completion_time": null,
      "duration": null,
      "file_type": "video",
      "transcode_status": "completed",
      "order": 0,
      "file_field": "Opposite_Action_-_Marsha.mp4",
      "file_field_original_name": "",
      "subtitle_file": "",
      "poster": "OppositeActionchangeingEmotions_poster.png",
      "thumbnail": "",
      "fpm4_transcode": "Opposite_Action_-_Marsha//index.mpd",
      "mp4_transcode": "Opposite_Action_-_Marsha//jaspr_720p_Opposite_Action_-_Marsha.mp4",
      "mp3_transcode": "",
      "hls_playlist": "Opposite_Action_-_Marsha//index.m3u8",
      "dash_playlist": "Opposite_Action_-_Marsha//index.mpd"
    }
  },
  {
    "model": "awsmedia.media",
    "pk": 30,
    "fields": {
      "created": "2019-06-10T20:22:14.157Z",
      "modified": "2019-09-04T14:42:49.205Z",
      "status": "active",
      "name": "Thought Replacement Skill",
      "description": "",
      "transcript": "",
      "tips": "",
      "completion_time": null,
      "duration": null,
      "file_type": "video",
      "transcode_status": "completed",
      "order": 0,
      "file_field": "PLE-G5-R13_Charles_-_Skill_-_Thought_Replacement.mp4",
      "file_field_original_name": "",
      "subtitle_file": "",
      "poster": "thoughtReplacementSkill_poster.png",
      "thumbnail": "",
      "fpm4_transcode": "PLE-G5-R13_Charles_-_Skill_-_Thought_Replacement//index.mpd",
      "mp4_transcode": "PLE-G5-R13_Charles_-_Skill_-_Thought_Replacement//jaspr_720p_PLE-G5-R13_Charles_-_Skill_-_Thought_Replacement.mp4",
      "mp3_transcode": "",
      "hls_playlist": "PLE-G5-R13_Charles_-_Skill_-_Thought_Replacement//index.m3u8",
      "dash_playlist": "PLE-G5-R13_Charles_-_Skill_-_Thought_Replacement//index.mpd"
    }
  },
  {
    "model": "awsmedia.media",
    "pk": 31,
    "fields": {
      "created": "2019-06-10T20:30:10.802Z",
      "modified": "2019-09-04T14:39:33.363Z",
      "status": "active",
      "name": "Mindfulness: What and How (1 of 8)",
      "description": "",
      "transcript": "",
      "tips": "",
      "completion_time": null,
      "duration": null,
      "file_type": "video",
      "transcode_status": "completed",
      "order": 0,
      "file_field": "Mindfulness_Part_1__What_and_How_Skills.mp4",
      "file_field_original_name": "",
      "subtitle_file": "",
      "poster": "mindfulness1_poster.png",
      "thumbnail": "",
      "fpm4_transcode": "Mindfulness_Part_1__What_and_How_Skills//index.mpd",
      "mp4_transcode": "Mindfulness_Part_1__What_and_How_Skills//jaspr_720p_Mindfulness_Part_1__What_and_How_Skills.mp4",
      "mp3_transcode": "",
      "hls_playlist": "Mindfulness_Part_1__What_and_How_Skills//index.m3u8",
      "dash_playlist": "Mindfulness_Part_1__What_and_How_Skills//index.mpd"
    }
  },
  {
    "model": "awsmedia.media",
    "pk": 32,
    "fields": {
      "created": "2019-06-10T20:33:07.550Z",
      "modified": "2019-09-04T14:36:57.367Z",
      "status": "active",
      "name": "Mindfulness: Observe (2 of 8)",
      "description": "",
      "transcript": "",
      "tips": "",
      "completion_time": null,
      "duration": null,
      "file_type": "video",
      "transcode_status": "completed",
      "order": 0,
      "file_field": "Mindfulness_Part_2__WHAT_Observe_.mp4",
      "file_field_original_name": "",
      "subtitle_file": "",
      "poster": "mindfulness2_poster.png",
      "thumbnail": "",
      "fpm4_transcode": "Mindfulness_Part_2__WHAT_Observe_//index.mpd",
      "mp4_transcode": "Mindfulness_Part_2__WHAT_Observe_//jaspr_720p_Mindfulness_Part_2__WHAT_Observe_.mp4",
      "mp3_transcode": "",
      "hls_playlist": "Mindfulness_Part_2__WHAT_Observe_//index.m3u8",
      "dash_playlist": "Mindfulness_Part_2__WHAT_Observe_//index.mpd"
    }
  },
  {
    "model": "awsmedia.media",
    "pk": 33,
    "fields": {
      "created": "2019-06-10T20:34:43.055Z",
      "modified": "2019-09-04T14:35:38.292Z",
      "status": "active",
      "name": "Mindfulness: Describe (3 of 8)",
      "description": "",
      "transcript": "",
      "tips": "",
      "completion_time": null,
      "duration": null,
      "file_type": "video",
      "transcode_status": "completed",
      "order": 0,
      "file_field": "Mindfulness_Part_3__WHAT_Describe.mp4",
      "file_field_original_name": "",
      "subtitle_file": "",
      "poster": "mindfulness3_poster.png",
      "thumbnail": "",
      "fpm4_transcode": "Mindfulness_Part_3__WHAT_Describe//index.mpd",
      "mp4_transcode": "Mindfulness_Part_3__WHAT_Describe//jaspr_720p_Mindfulness_Part_3__WHAT_Describe.mp4",
      "mp3_transcode": "",
      "hls_playlist": "Mindfulness_Part_3__WHAT_Describe//index.m3u8",
      "dash_playlist": "Mindfulness_Part_3__WHAT_Describe//index.mpd"
    }
  },
  {
    "model": "awsmedia.media",
    "pk": 34,
    "fields": {
      "created": "2019-06-10T20:37:37.514Z",
      "modified": "2019-09-04T14:38:43.831Z",
      "status": "active",
      "name": "Mindfulness: Participate (4 of 8)",
      "description": "",
      "transcript": "",
      "tips": "",
      "completion_time": null,
      "duration": null,
      "file_type": "video",
      "transcode_status": "completed",
      "order": 0,
      "file_field": "Mindfulness_Part_4__WHAT_Participate_1.mp4",
      "file_field_original_name": "",
      "subtitle_file": "",
      "poster": "mindfulness4_poster.png",
      "thumbnail": "",
      "fpm4_transcode": "Mindfulness_Part_4__WHAT_Participate_1//index.mpd",
      "mp4_transcode": "Mindfulness_Part_4__WHAT_Participate_1//jaspr_720p_Mindfulness_Part_4__WHAT_Participate_1.mp4",
      "mp3_transcode": "",
      "hls_playlist": "Mindfulness_Part_4__WHAT_Participate_1//index.m3u8",
      "dash_playlist": "Mindfulness_Part_4__WHAT_Participate_1//index.mpd"
    }
  },
  {
    "model": "awsmedia.media",
    "pk": 35,
    "fields": {
      "created": "2019-06-10T20:40:48.127Z",
      "modified": "2019-09-04T14:36:06.196Z",
      "status": "active",
      "name": "Mindfulness: Effectiveness (5 of 8)",
      "description": "",
      "transcript": "",
      "tips": "",
      "completion_time": null,
      "duration": null,
      "file_type": "video",
      "transcode_status": "completed",
      "order": 0,
      "file_field": "Mindfulness_Part_5__HOW_Effectively_1.mp4",
      "file_field_original_name": "",
      "subtitle_file": "",
      "poster": "mindfulness5_poster.png",
      "thumbnail": "",
      "fpm4_transcode": "Mindfulness_Part_5__HOW_Effectively_1//index.mpd",
      "mp4_transcode": "Mindfulness_Part_5__HOW_Effectively_1//jaspr_720p_Mindfulness_Part_5__HOW_Effectively_1.mp4",
      "mp3_transcode": "",
      "hls_playlist": "Mindfulness_Part_5__HOW_Effectively_1//index.m3u8",
      "dash_playlist": "Mindfulness_Part_5__HOW_Effectively_1//index.mpd"
    }
  },
  {
    "model": "awsmedia.media",
    "pk": 36,
    "fields": {
      "created": "2019-06-10T20:43:20.639Z",
      "modified": "2019-09-04T14:36:28.572Z",
      "status": "active",
      "name": "Mindfulness: Nonjudgmentally (6 of 8)",
      "description": "",
      "transcript": "",
      "tips": "",
      "completion_time": null,
      "duration": null,
      "file_type": "video",
      "transcode_status": "completed",
      "order": 0,
      "file_field": "Mindfulness_Part_6__HOW_Nonjudgmentally_1.mp4",
      "file_field_original_name": "",
      "subtitle_file": "",
      "poster": "mindfulness6_poster.png",
      "thumbnail": "",
      "fpm4_transcode": "Mindfulness_Part_6__HOW_Nonjudgmentally_1//index.mpd",
      "mp4_transcode": "Mindfulness_Part_6__HOW_Nonjudgmentally_1//jaspr_720p_Mindfulness_Part_6__HOW_Nonjudgmentally_1.mp4",
      "mp3_transcode": "",
      "hls_playlist": "Mindfulness_Part_6__HOW_Nonjudgmentally_1//index.m3u8",
      "dash_playlist": "Mindfulness_Part_6__HOW_Nonjudgmentally_1//index.mpd"
    }
  },
  {
    "model": "awsmedia.media",
    "pk": 37,
    "fields": {
      "created": "2019-06-10T20:45:56.331Z",
      "modified": "2019-09-04T14:38:23.033Z",
      "status": "active",
      "name": "Mindfulness: One-Mindfully (7 of 8)",
      "description": "",
      "transcript": "",
      "tips": "",
      "completion_time": null,
      "duration": null,
      "file_type": "video",
      "transcode_status": "completed",
      "order": 0,
      "file_field": "Mindfulness_Part_7___HOW_One_Mindfully_1.mp4",
      "file_field_original_name": "",
      "subtitle_file": "",
      "poster": "mindfulness7_poster.png",
      "thumbnail": "",
      "fpm4_transcode": "Mindfulness_Part_7___HOW_One_Mindfully_1//index.mpd",
      "mp4_transcode": "Mindfulness_Part_7___HOW_One_Mindfully_1//jaspr_720p_Mindfulness_Part_7___HOW_One_Mindfully_1.mp4",
      "mp3_transcode": "",
      "hls_playlist": "Mindfulness_Part_7___HOW_One_Mindfully_1//index.m3u8",
      "dash_playlist": "Mindfulness_Part_7___HOW_One_Mindfully_1//index.mpd"
    }
  },
  {
    "model": "awsmedia.media",
    "pk": 38,
    "fields": {
      "created": "2019-06-10T20:49:32.748Z",
      "modified": "2019-09-04T14:39:05.425Z",
      "status": "active",
      "name": "Mindfulness: Practice Together (8 of 8)",
      "description": "",
      "transcript": "",
      "tips": "",
      "completion_time": null,
      "duration": null,
      "file_type": "video",
      "transcode_status": "completed",
      "order": 0,
      "file_field": "Mindfulness_Part_8__WHAT_Practicing_Together.mp4",
      "file_field_original_name": "",
      "subtitle_file": "",
      "poster": "mindfulness8_poster.png",
      "thumbnail": "",
      "fpm4_transcode": "Mindfulness_Part_8__WHAT_Practicing_Together//index.mpd",
      "mp4_transcode": "Mindfulness_Part_8__WHAT_Practicing_Together//jaspr_720p_Mindfulness_Part_8__WHAT_Practicing_Together.mp4",
      "mp3_transcode": "",
      "hls_playlist": "Mindfulness_Part_8__WHAT_Practicing_Together//index.m3u8",
      "dash_playlist": "Mindfulness_Part_8__WHAT_Practicing_Together//index.mpd"
    }
  },
  {
    "model": "awsmedia.media",
    "pk": 39,
    "fields": {
      "created": "2019-06-10T20:52:57.131Z",
      "modified": "2020-02-06T22:03:29.734Z",
      "status": "active",
      "name": "Mindfulness of Current Emotion",
      "description": "",
      "transcript": "",
      "tips": "",
      "completion_time": null,
      "duration": null,
      "file_type": "video",
      "transcode_status": "completed",
      "order": 0,
      "file_field": "NMN_-_Mindfulness_of_Current_Emotion_-_Marsha.mp4",
      "file_field_original_name": "",
      "subtitle_file": "",
      "poster": "mindfulnessOfCurrentEmotion_poster.png",
      "thumbnail": "",
      "fpm4_transcode": "NMN_-_Mindfulness_of_Current_Emotion_-_Marsha//index.mpd",
      "mp4_transcode": "NMN_-_Mindfulness_of_Current_Emotion_-_Marsha//jaspr_720p_NMN_-_Mindfulness_of_Current_Emotion_-_Marsha.mp4",
      "mp3_transcode": "",
      "hls_playlist": "NMN_-_Mindfulness_of_Current_Emotion_-_Marsha//index.m3u8",
      "dash_playlist": "NMN_-_Mindfulness_of_Current_Emotion_-_Marsha//index.mpd"
    }
  },
  {
    "model": "awsmedia.media",
    "pk": 40,
    "fields": {
      "created": "2019-06-10T21:15:19.769Z",
      "modified": "2019-09-04T14:40:55.229Z",
      "status": "active",
      "name": "Opposite Action in Use",
      "description": "",
      "transcript": "",
      "tips": "",
      "completion_time": null,
      "duration": null,
      "file_type": "video",
      "transcode_status": "completed",
      "order": 0,
      "file_field": "PLE-G5-R19_Diana-_Skills_-_Opposite_Action_v2.mp4",
      "file_field_original_name": "",
      "subtitle_file": "",
      "poster": "oppositeActionInUse_poster.png",
      "thumbnail": "",
      "fpm4_transcode": "PLE-G5-R19_Diana-_Skills_-_Opposite_Action_v2//index.mpd",
      "mp4_transcode": "PLE-G5-R19_Diana-_Skills_-_Opposite_Action_v2//jaspr_720p_PLE-G5-R19_Diana-_Skills_-_Opposite_Action_v2.mp4",
      "mp3_transcode": "",
      "hls_playlist": "PLE-G5-R19_Diana-_Skills_-_Opposite_Action_v2//index.m3u8",
      "dash_playlist": "PLE-G5-R19_Diana-_Skills_-_Opposite_Action_v2//index.mpd"
    }
  },
  {
    "model": "awsmedia.media",
    "pk": 43,
    "fields": {
      "created": "2019-06-10T21:44:34.495Z",
      "modified": "2020-02-07T03:48:56.577Z",
      "status": "active",
      "name": "Kelechi - My ER Experience",
      "description": "",
      "transcript": "",
      "tips": "",
      "completion_time": null,
      "duration": null,
      "file_type": "video",
      "transcode_status": "completed",
      "order": 0,
      "file_field": "Kelechi_-_My_ER_ExperienceV2.mp4",
      "file_field_original_name": "",
      "subtitle_file": "",
      "poster": "",
      "thumbnail": "",
      "fpm4_transcode": "Kelechi_-_My_ER_ExperienceV2//index.mpd",
      "mp4_transcode": "Kelechi_-_My_ER_ExperienceV2//jaspr_720p_Kelechi_-_My_ER_ExperienceV2.mp4",
      "mp3_transcode": "",
      "hls_playlist": "Kelechi_-_My_ER_ExperienceV2//index.m3u8",
      "dash_playlist": "Kelechi_-_My_ER_ExperienceV2//index.mpd"
    }
  },
  {
    "model": "awsmedia.media",
    "pk": 44,
    "fields": {
      "created": "2019-06-10T21:49:53.845Z",
      "modified": "2019-11-25T22:50:05.286Z",
      "status": "active",
      "name": "Diana - Going Home",
      "description": "",
      "transcript": "",
      "tips": "",
      "completion_time": null,
      "duration": null,
      "file_type": "video",
      "transcode_status": "completed",
      "order": 0,
      "file_field": "Diana_-_Going_Home.mp4",
      "file_field_original_name": "",
      "subtitle_file": "",
      "poster": "",
      "thumbnail": "",
      "fpm4_transcode": "Diana_-_Going_Home//index.mpd",
      "mp4_transcode": "Diana_-_Going_Home//jaspr_720p_Diana_-_Going_Home.mp4",
      "mp3_transcode": "",
      "hls_playlist": "Diana_-_Going_Home//index.m3u8",
      "dash_playlist": "Diana_-_Going_Home//index.mpd"
    }
  },
  {
    "model": "awsmedia.media",
    "pk": 45,
    "fields": {
      "created": "2019-06-10T22:14:27.410Z",
      "modified": "2019-11-27T19:35:05.500Z",
      "status": "active",
      "name": "Topher - My Wish For You",
      "description": "",
      "transcript": "",
      "tips": "",
      "completion_time": null,
      "duration": null,
      "file_type": "video",
      "transcode_status": "completed",
      "order": 0,
      "file_field": "Topher_-_My_Wish_for_You.mp4",
      "file_field_original_name": "",
      "subtitle_file": "",
      "poster": "",
      "thumbnail": "",
      "fpm4_transcode": "Topher_-_My_Wish_for_You//index.mpd",
      "mp4_transcode": "Topher_-_My_Wish_for_You//jaspr_720p_Topher_-_My_Wish_for_You.mp4",
      "mp3_transcode": "",
      "hls_playlist": "Topher_-_My_Wish_for_You//index.m3u8",
      "dash_playlist": "Topher_-_My_Wish_for_You//index.mpd"
    }
  },
  {
    "model": "awsmedia.media",
    "pk": 46,
    "fields": {
      "created": "2019-06-10T22:48:07.737Z",
      "modified": "2019-11-25T23:20:05.645Z",
      "status": "active",
      "name": "Diana - Relationship to Suicide",
      "description": "",
      "transcript": "",
      "tips": "",
      "completion_time": null,
      "duration": null,
      "file_type": "video",
      "transcode_status": "completed",
      "order": 0,
      "file_field": "Diana_-_Relationship_to_Suicide.mp4",
      "file_field_original_name": "",
      "subtitle_file": "",
      "poster": "",
      "thumbnail": "",
      "fpm4_transcode": "Diana_-_Relationship_to_Suicide//index.mpd",
      "mp4_transcode": "Diana_-_Relationship_to_Suicide//jaspr_720p_Diana_-_Relationship_to_Suicide.mp4",
      "mp3_transcode": "",
      "hls_playlist": "Diana_-_Relationship_to_Suicide//index.m3u8",
      "dash_playlist": "Diana_-_Relationship_to_Suicide//index.mpd"
    }
  },
  {
    "model": "awsmedia.media",
    "pk": 47,
    "fields": {
      "created": "2019-06-10T22:54:53.238Z",
      "modified": "2019-11-25T22:20:05.805Z",
      "status": "active",
      "name": "Beth - Surviving the ER",
      "description": "",
      "transcript": "",
      "tips": "",
      "completion_time": null,
      "duration": null,
      "file_type": "video",
      "transcode_status": "completed",
      "order": 0,
      "file_field": "Beth_-_Surviving_the_ER_1.mp4",
      "file_field_original_name": "",
      "subtitle_file": "",
      "poster": "",
      "thumbnail": "",
      "fpm4_transcode": "Beth_-_Surviving_the_ER_1//index.mpd",
      "mp4_transcode": "Beth_-_Surviving_the_ER_1//jaspr_720p_Beth_-_Surviving_the_ER_1.mp4",
      "mp3_transcode": "",
      "hls_playlist": "Beth_-_Surviving_the_ER_1//index.m3u8",
      "dash_playlist": "Beth_-_Surviving_the_ER_1//index.mpd"
    }
  },
  {
    "model": "awsmedia.media",
    "pk": 48,
    "fields": {
      "created": "2019-06-10T22:59:27.582Z",
      "modified": "2019-11-25T20:20:05.656Z",
      "status": "active",
      "name": "Ashley - Surviving the ER",
      "description": "",
      "transcript": "",
      "tips": "",
      "completion_time": null,
      "duration": null,
      "file_type": "video",
      "transcode_status": "completed",
      "order": 0,
      "file_field": "Ashley_-_Surviving_the_ER.mp4",
      "file_field_original_name": "",
      "subtitle_file": "",
      "poster": "",
      "thumbnail": "",
      "fpm4_transcode": "Ashley_-_Surviving_the_ER//index.mpd",
      "mp4_transcode": "Ashley_-_Surviving_the_ER//jaspr_720p_Ashley_-_Surviving_the_ER.mp4",
      "mp3_transcode": "",
      "hls_playlist": "Ashley_-_Surviving_the_ER//index.m3u8",
      "dash_playlist": "Ashley_-_Surviving_the_ER//index.mpd"
    }
  },
  {
    "model": "awsmedia.media",
    "pk": 49,
    "fields": {
      "created": "2019-06-10T23:18:34.377Z",
      "modified": "2019-11-25T19:35:05.729Z",
      "status": "active",
      "name": "Ashley - My ER Experience",
      "description": "",
      "transcript": "",
      "tips": "",
      "completion_time": null,
      "duration": null,
      "file_type": "video",
      "transcode_status": "completed",
      "order": 0,
      "file_field": "Ashley_-_My_ER_Experience.mp4",
      "file_field_original_name": "",
      "subtitle_file": "",
      "poster": "",
      "thumbnail": "",
      "fpm4_transcode": "Ashley_-_My_ER_Experience//index.mpd",
      "mp4_transcode": "Ashley_-_My_ER_Experience//jaspr_720p_Ashley_-_My_ER_Experience.mp4",
      "mp3_transcode": "",
      "hls_playlist": "Ashley_-_My_ER_Experience//index.m3u8",
      "dash_playlist": "Ashley_-_My_ER_Experience//index.mpd"
    }
  },
  {
    "model": "awsmedia.media",
    "pk": 50,
    "fields": {
      "created": "2019-06-28T17:52:42.385Z",
      "modified": "2019-11-27T20:05:04.989Z",
      "status": "active",
      "name": "Topher - Surviving the ER",
      "description": "",
      "transcript": "",
      "tips": "",
      "completion_time": null,
      "duration": null,
      "file_type": "video",
      "transcode_status": "completed",
      "order": 0,
      "file_field": "Topher_-_Surviving_the_ER.mp4",
      "file_field_original_name": "",
      "subtitle_file": "",
      "poster": "",
      "thumbnail": "",
      "fpm4_transcode": "Topher_-_Surviving_the_ER//index.mpd",
      "mp4_transcode": "Topher_-_Surviving_the_ER//jaspr_720p_Topher_-_Surviving_the_ER.mp4",
      "mp3_transcode": "",
      "hls_playlist": "Topher_-_Surviving_the_ER//index.m3u8",
      "dash_playlist": "Topher_-_Surviving_the_ER//index.mpd"
    }
  },
  {
    "model": "awsmedia.media",
    "pk": 51,
    "fields": {
      "created": "2019-06-28T17:58:58.144Z",
      "modified": "2020-02-07T03:48:44.420Z",
      "status": "active",
      "name": "Lisa - Going Home",
      "description": "",
      "transcript": "",
      "tips": "",
      "completion_time": null,
      "duration": null,
      "file_type": "video",
      "transcode_status": "completed",
      "order": 0,
      "file_field": "Lisa_-_Going_Home.mp4",
      "file_field_original_name": "",
      "subtitle_file": "",
      "poster": "",
      "thumbnail": "",
      "fpm4_transcode": "Lisa_-_Going_Home//index.mpd",
      "mp4_transcode": "Lisa_-_Going_Home//jaspr_720p_Lisa_-_Going_Home.mp4",
      "mp3_transcode": "",
      "hls_playlist": "Lisa_-_Going_Home//index.m3u8",
      "dash_playlist": "Lisa_-_Going_Home//index.mpd"
    }
  },
  {
    "model": "awsmedia.media",
    "pk": 52,
    "fields": {
      "created": "2019-06-28T18:42:30.828Z",
      "modified": "2019-11-25T21:05:05.837Z",
      "status": "active",
      "name": "Beth - Relationship to Suicide",
      "description": "",
      "transcript": "",
      "tips": "",
      "completion_time": null,
      "duration": null,
      "file_type": "video",
      "transcode_status": "completed",
      "order": 0,
      "file_field": "Beth_-_Relationship_to_Suicide_Nov25.mp4",
      "file_field_original_name": "",
      "subtitle_file": "",
      "poster": "",
      "thumbnail": "",
      "fpm4_transcode": "Beth_-_Relationship_to_Suicide_Nov25//index.mpd",
      "mp4_transcode": "Beth_-_Relationship_to_Suicide_Nov25//jaspr_720p_Beth_-_Relationship_to_Suicide_Nov25.mp4",
      "mp3_transcode": "",
      "hls_playlist": "Beth_-_Relationship_to_Suicide_Nov25//index.m3u8",
      "dash_playlist": "Beth_-_Relationship_to_Suicide_Nov25//index.mpd"
    }
  },
  {
    "model": "awsmedia.media",
    "pk": 53,
    "fields": {
      "created": "2019-06-28T19:56:42.448Z",
      "modified": "2019-11-26T00:20:05.528Z",
      "status": "active",
      "name": "Diana - What I Do to Stay Well",
      "description": "",
      "transcript": "",
      "tips": "",
      "completion_time": null,
      "duration": null,
      "file_type": "video",
      "transcode_status": "completed",
      "order": 0,
      "file_field": "Diana_-_What_I_do_to_Stay_Well.mp4",
      "file_field_original_name": "",
      "subtitle_file": "",
      "poster": "",
      "thumbnail": "",
      "fpm4_transcode": "Diana_-_What_I_do_to_Stay_Well//index.mpd",
      "mp4_transcode": "Diana_-_What_I_do_to_Stay_Well//jaspr_720p_Diana_-_What_I_do_to_Stay_Well.mp4",
      "mp3_transcode": "",
      "hls_playlist": "Diana_-_What_I_do_to_Stay_Well//index.m3u8",
      "dash_playlist": "Diana_-_What_I_do_to_Stay_Well//index.mpd"
    }
  },
  {
    "model": "awsmedia.media",
    "pk": 54,
    "fields": {
      "created": "2019-06-28T20:04:21.084Z",
      "modified": "2019-11-27T19:20:05.328Z",
      "status": "inactive",
      "name": "Topher - My ER Experience",
      "description": "",
      "transcript": "",
      "tips": "",
      "completion_time": null,
      "duration": null,
      "file_type": "video",
      "transcode_status": "completed",
      "order": 0,
      "file_field": "Topher_-_My_ER_Experience.mp4",
      "file_field_original_name": "",
      "subtitle_file": "",
      "poster": "",
      "thumbnail": "",
      "fpm4_transcode": "Topher_-_My_ER_Experience//index.mpd",
      "mp4_transcode": "Topher_-_My_ER_Experience//jaspr_720p_Topher_-_My_ER_Experience.mp4",
      "mp3_transcode": "",
      "hls_playlist": "Topher_-_My_ER_Experience//index.m3u8",
      "dash_playlist": "Topher_-_My_ER_Experience//index.mpd"
    }
  },
  {
    "model": "awsmedia.media",
    "pk": 55,
    "fields": {
      "created": "2019-07-02T19:27:02.298Z",
      "modified": "2019-07-11T14:50:05.112Z",
      "status": "active",
      "name": "Jaz_Intro",
      "description": "",
      "transcript": "",
      "tips": "",
      "completion_time": null,
      "duration": null,
      "file_type": "audio",
      "transcode_status": "completed",
      "order": 0,
      "file_field": "Jaz_Intro.mp3",
      "file_field_original_name": "",
      "subtitle_file": "",
      "poster": "",
      "thumbnail": "",
      "fpm4_transcode": "",
      "mp4_transcode": "",
      "mp3_transcode": "Jaz_Intro//jaspr128k_Jaz_Intro.mp3",
      "hls_playlist": "",
      "dash_playlist": "Jaz_Intro//index.mpd"
    }
  },
  {
    "model": "awsmedia.media",
    "pk": 102,
    "fields": {
      "created": "2019-07-03T17:04:44.557Z",
      "modified": "2019-07-03T17:20:05.773Z",
      "status": "active",
      "name": "jasper_intro",
      "description": "",
      "transcript": "",
      "tips": "",
      "completion_time": null,
      "duration": null,
      "file_type": "audio",
      "transcode_status": "completed",
      "order": 0,
      "file_field": "jasper_intro.mp3",
      "file_field_original_name": "",
      "subtitle_file": "",
      "poster": "",
      "thumbnail": "",
      "fpm4_transcode": "",
      "mp4_transcode": "",
      "mp3_transcode": "jasper_intro//jaspr128k_jasper_intro.mp3",
      "hls_playlist": "",
      "dash_playlist": "jasper_intro//index.mpd"
    }
  },
  {
    "model": "awsmedia.media",
    "pk": 151,
    "fields": {
      "created": "2019-07-11T22:19:15.285Z",
      "modified": "2019-07-11T22:35:05.546Z",
      "status": "active",
      "name": "Jaz Tutorial",
      "description": "",
      "transcript": "",
      "tips": "",
      "completion_time": null,
      "duration": null,
      "file_type": "video",
      "transcode_status": "completed",
      "order": 0,
      "file_field": "jazTutorial.mp4",
      "file_field_original_name": "",
      "subtitle_file": "",
      "poster": "Screen_Shot_2019-07-11_at_3.24.31_PM.png",
      "thumbnail": "",
      "fpm4_transcode": "jazTutorial//index.mpd",
      "mp4_transcode": "jazTutorial//jaspr_720p_jazTutorial.mp4",
      "mp3_transcode": "",
      "hls_playlist": "jazTutorial//index.m3u8",
      "dash_playlist": "jazTutorial//index.mpd"
    }
  },
  {
    "model": "awsmedia.media",
    "pk": 152,
    "fields": {
      "created": "2019-07-11T22:21:34.149Z",
      "modified": "2019-07-11T22:35:05.902Z",
      "status": "active",
      "name": "Jasper Tutorial",
      "description": "",
      "transcript": "",
      "tips": "",
      "completion_time": null,
      "duration": null,
      "file_type": "video",
      "transcode_status": "completed",
      "order": 0,
      "file_field": "jasperTutorial.mp4",
      "file_field_original_name": "",
      "subtitle_file": "",
      "poster": "Screen_Shot_2019-07-11_at_3.20.50_PM.png",
      "thumbnail": "",
      "fpm4_transcode": "jasperTutorial//index.mpd",
      "mp4_transcode": "jasperTutorial//jaspr_720p_jasperTutorial.mp4",
      "mp3_transcode": "",
      "hls_playlist": "jasperTutorial//index.m3u8",
      "dash_playlist": "jasperTutorial//index.mpd"
    }
  },
  {
    "model": "awsmedia.media",
    "pk": 155,
    "fields": {
      "created": "2019-07-18T18:10:16.908Z",
      "modified": "2019-11-26T00:50:05.244Z",
      "status": "active",
      "name": "Emmy - Going Home",
      "description": "",
      "transcript": "",
      "tips": "",
      "completion_time": null,
      "duration": null,
      "file_type": "video",
      "transcode_status": "completed",
      "order": 0,
      "file_field": "Emmy_-_Going_Home.mp4",
      "file_field_original_name": "",
      "subtitle_file": "",
      "poster": "",
      "thumbnail": "",
      "fpm4_transcode": "Emmy_-_Going_Home//index.mpd",
      "mp4_transcode": "Emmy_-_Going_Home//jaspr_720p_Emmy_-_Going_Home.mp4",
      "mp3_transcode": "",
      "hls_playlist": "Emmy_-_Going_Home//index.m3u8",
      "dash_playlist": "Emmy_-_Going_Home//index.mpd"
    }
  },
  {
    "model": "awsmedia.media",
    "pk": 156,
    "fields": {
      "created": "2019-07-18T20:08:00.625Z",
      "modified": "2019-11-27T18:50:06.096Z",
      "status": "active",
      "name": "Thai - Relationship to Suicide",
      "description": "",
      "transcript": "",
      "tips": "",
      "completion_time": null,
      "duration": null,
      "file_type": "video",
      "transcode_status": "completed",
      "order": 0,
      "file_field": "Thai_-_Relationship_to_Suicide.mp4",
      "file_field_original_name": "",
      "subtitle_file": "",
      "poster": "",
      "thumbnail": "",
      "fpm4_transcode": "Thai_-_Relationship_to_Suicide//index.mpd",
      "mp4_transcode": "Thai_-_Relationship_to_Suicide//jaspr_720p_Thai_-_Relationship_to_Suicide.mp4",
      "mp3_transcode": "",
      "hls_playlist": "Thai_-_Relationship_to_Suicide//index.m3u8",
      "dash_playlist": "Thai_-_Relationship_to_Suicide//index.mpd"
    }
  },
  {
    "model": "awsmedia.media",
    "pk": 157,
    "fields": {
      "created": "2019-07-18T20:31:46.612Z",
      "modified": "2019-11-27T18:35:05.770Z",
      "status": "active",
      "name": "Thai - Coping with Shame",
      "description": "",
      "transcript": "",
      "tips": "",
      "completion_time": null,
      "duration": null,
      "file_type": "video",
      "transcode_status": "completed",
      "order": 0,
      "file_field": "Thai_-_Coping_with_Shame.mp4",
      "file_field_original_name": "",
      "subtitle_file": "",
      "poster": "",
      "thumbnail": "",
      "fpm4_transcode": "Thai_-_Coping_with_Shame//index.mpd",
      "mp4_transcode": "Thai_-_Coping_with_Shame//jaspr_720p_Thai_-_Coping_with_Shame.mp4",
      "mp3_transcode": "",
      "hls_playlist": "Thai_-_Coping_with_Shame//index.m3u8",
      "dash_playlist": "Thai_-_Coping_with_Shame//index.mpd"
    }
  },
  {
    "model": "awsmedia.media",
    "pk": 158,
    "fields": {
      "created": "2019-07-18T21:23:29.376Z",
      "modified": "2019-11-26T20:50:05.761Z",
      "status": "active",
      "name": "Emmy - Relationship to Suicide",
      "description": "",
      "transcript": "",
      "tips": "",
      "completion_time": null,
      "duration": null,
      "file_type": "video",
      "transcode_status": "completed",
      "order": 0,
      "file_field": "Emmy_-_Relationship_to_Suicide.mp4",
      "file_field_original_name": "",
      "subtitle_file": "",
      "poster": "",
      "thumbnail": "",
      "fpm4_transcode": "Emmy_-_Relationship_to_Suicide//index.mpd",
      "mp4_transcode": "Emmy_-_Relationship_to_Suicide//jaspr_720p_Emmy_-_Relationship_to_Suicide.mp4",
      "mp3_transcode": "",
      "hls_playlist": "Emmy_-_Relationship_to_Suicide//index.m3u8",
      "dash_playlist": "Emmy_-_Relationship_to_Suicide//index.mpd"
    }
  },
  {
    "model": "awsmedia.media",
    "pk": 159,
    "fields": {
      "created": "2019-07-18T21:47:47.430Z",
      "modified": "2019-11-27T18:50:06.431Z",
      "status": "active",
      "name": "Thai - My Wish For You",
      "description": "",
      "transcript": "",
      "tips": "",
      "completion_time": null,
      "duration": null,
      "file_type": "video",
      "transcode_status": "completed",
      "order": 0,
      "file_field": "Thai_-_My_Wish_for_You.mp4",
      "file_field_original_name": "",
      "subtitle_file": "",
      "poster": "",
      "thumbnail": "",
      "fpm4_transcode": "Thai_-_My_Wish_for_You//index.mpd",
      "mp4_transcode": "Thai_-_My_Wish_for_You//jaspr_720p_Thai_-_My_Wish_for_You.mp4",
      "mp3_transcode": "",
      "hls_playlist": "Thai_-_My_Wish_for_You//index.m3u8",
      "dash_playlist": "Thai_-_My_Wish_for_You//index.mpd"
    }
  },
  {
    "model": "awsmedia.media",
    "pk": 160,
    "fields": {
      "created": "2019-07-18T22:27:58.986Z",
      "modified": "2019-11-26T20:50:06.098Z",
      "status": "active",
      "name": "Emmy - My Wish For You",
      "description": "",
      "transcript": "",
      "tips": "",
      "completion_time": null,
      "duration": null,
      "file_type": "video",
      "transcode_status": "completed",
      "order": 0,
      "file_field": "Emmy_-_My_Wish_for_You.mp4",
      "file_field_original_name": "",
      "subtitle_file": "",
      "poster": "",
      "thumbnail": "",
      "fpm4_transcode": "Emmy_-_My_Wish_for_You//index.mpd",
      "mp4_transcode": "Emmy_-_My_Wish_for_You//jaspr_720p_Emmy_-_My_Wish_for_You.mp4",
      "mp3_transcode": "",
      "hls_playlist": "Emmy_-_My_Wish_for_You//index.m3u8",
      "dash_playlist": "Emmy_-_My_Wish_for_You//index.mpd"
    }
  },
  {
    "model": "awsmedia.media",
    "pk": 161,
    "fields": {
      "created": "2019-07-18T22:36:15.442Z",
      "modified": "2019-07-18T22:50:04.694Z",
      "status": "active",
      "name": "Crisis Safety Plan Intro",
      "description": "",
      "transcript": "",
      "tips": "",
      "completion_time": null,
      "duration": null,
      "file_type": "video",
      "transcode_status": "completed",
      "order": 0,
      "file_field": "Ursula_-_Crisis_Safety_Plan_Intro.mp4",
      "file_field_original_name": "",
      "subtitle_file": "",
      "poster": "",
      "thumbnail": "",
      "fpm4_transcode": "Ursula_-_Crisis_Safety_Plan_Intro//index.mpd",
      "mp4_transcode": "Ursula_-_Crisis_Safety_Plan_Intro//jaspr_720p_Ursula_-_Crisis_Safety_Plan_Intro.mp4",
      "mp3_transcode": "",
      "hls_playlist": "Ursula_-_Crisis_Safety_Plan_Intro//index.m3u8",
      "dash_playlist": "Ursula_-_Crisis_Safety_Plan_Intro//index.mpd"
    }
  },
  {
    "model": "awsmedia.media",
    "pk": 162,
    "fields": {
      "created": "2019-07-18T23:14:31.678Z",
      "modified": "2019-11-26T20:35:05.975Z",
      "status": "active",
      "name": "Emmy - My Story",
      "description": "",
      "transcript": "",
      "tips": "",
      "completion_time": null,
      "duration": null,
      "file_type": "video",
      "transcode_status": "completed",
      "order": 0,
      "file_field": "Emmy_-_My_Story.mp4",
      "file_field_original_name": "",
      "subtitle_file": "",
      "poster": "",
      "thumbnail": "",
      "fpm4_transcode": "Emmy_-_My_Story//index.mpd",
      "mp4_transcode": "Emmy_-_My_Story//jaspr_720p_Emmy_-_My_Story.mp4",
      "mp3_transcode": "",
      "hls_playlist": "Emmy_-_My_Story//index.m3u8",
      "dash_playlist": "Emmy_-_My_Story//index.mpd"
    }
  },
  {
    "model": "awsmedia.media",
    "pk": 163,
    "fields": {
      "created": "2019-07-18T23:26:56.329Z",
      "modified": "2019-11-25T22:35:05.603Z",
      "status": "active",
      "name": "Beth - What I Do to Stay Well",
      "description": "",
      "transcript": "",
      "tips": "",
      "completion_time": null,
      "duration": null,
      "file_type": "video",
      "transcode_status": "completed",
      "order": 0,
      "file_field": "Beth_-_What_I_Do_to_Stay_WellNov25.mp4",
      "file_field_original_name": "",
      "subtitle_file": "",
      "poster": "",
      "thumbnail": "",
      "fpm4_transcode": "Beth_-_What_I_Do_to_Stay_WellNov25//index.mpd",
      "mp4_transcode": "Beth_-_What_I_Do_to_Stay_WellNov25//jaspr_720p_Beth_-_What_I_Do_to_Stay_WellNov25.mp4",
      "mp3_transcode": "",
      "hls_playlist": "Beth_-_What_I_Do_to_Stay_WellNov25//index.m3u8",
      "dash_playlist": "Beth_-_What_I_Do_to_Stay_WellNov25//index.mpd"
    }
  },
  {
    "model": "awsmedia.media",
    "pk": 164,
    "fields": {
      "created": "2019-07-18T23:35:35.488Z",
      "modified": "2020-06-11T19:43:56.412Z",
      "status": "active",
      "name": "Emmy - Coping with Shame",
      "description": "",
      "transcript": "",
      "tips": "",
      "completion_time": null,
      "duration": null,
      "file_type": "video",
      "transcode_status": "completed",
      "order": 0,
      "file_field": "Emmy_-_Coping_with_ShameNov25.mp4",
      "file_field_original_name": "",
      "subtitle_file": "",
      "poster": "",
      "thumbnail": "",
      "fpm4_transcode": "Emmy_-_Coping_with_ShameNov25//index.mpd",
      "mp4_transcode": "Emmy_-_Coping_with_ShameNov25//jaspr_720p_Emmy_-_Coping_with_ShameNov25.mp4",
      "mp3_transcode": "",
      "hls_playlist": "Emmy_-_Coping_with_ShameNov25//index.m3u8",
      "dash_playlist": "Emmy_-_Coping_with_ShameNov25//index.mpd"
    }
  },
  {
    "model": "awsmedia.media",
    "pk": 165,
    "fields": {
      "created": "2019-07-19T00:09:27.507Z",
      "modified": "2019-09-04T14:42:14.768Z",
      "status": "active",
      "name": "Relaxing Music Video",
      "description": "",
      "transcript": "",
      "tips": "",
      "completion_time": null,
      "duration": null,
      "file_type": "video",
      "transcode_status": "completed",
      "order": 0,
      "file_field": "Relaxing_Music_Video.mp4",
      "file_field_original_name": "",
      "subtitle_file": "",
      "poster": "relaxingMusicPOster.png",
      "thumbnail": "",
      "fpm4_transcode": "Relaxing_Music_Video//index.mpd",
      "mp4_transcode": "Relaxing_Music_Video//jaspr_720p_Relaxing_Music_Video.mp4",
      "mp3_transcode": "",
      "hls_playlist": "Relaxing_Music_Video//index.m3u8",
      "dash_playlist": "Relaxing_Music_Video//index.mpd"
    }
  },
  {
    "model": "awsmedia.media",
    "pk": 166,
    "fields": {
      "created": "2019-07-19T00:45:17.375Z",
      "modified": "2019-09-04T14:33:28.868Z",
      "status": "active",
      "name": "Good Vibes Music Video",
      "description": "",
      "transcript": "",
      "tips": "",
      "completion_time": null,
      "duration": null,
      "file_type": "video",
      "transcode_status": "completed",
      "order": 0,
      "file_field": "Good_Vibes_Music_Video.mp4",
      "file_field_original_name": "",
      "subtitle_file": "",
      "poster": "feelGoodPOster.png",
      "thumbnail": "",
      "fpm4_transcode": "Good_Vibes_Music_Video//index.mpd",
      "mp4_transcode": "Good_Vibes_Music_Video//jaspr_720p_Good_Vibes_Music_Video.mp4",
      "mp3_transcode": "",
      "hls_playlist": "Good_Vibes_Music_Video//index.m3u8",
      "dash_playlist": "Good_Vibes_Music_Video//index.mpd"
    }
  },
  {
    "model": "awsmedia.media",
    "pk": 167,
    "fields": {
      "created": "2019-07-20T00:12:16.393Z",
      "modified": "2019-11-27T19:05:05.293Z",
      "status": "active",
      "name": "Thai - What I Do to Stay Well",
      "description": "",
      "transcript": "",
      "tips": "",
      "completion_time": null,
      "duration": null,
      "file_type": "video",
      "transcode_status": "completed",
      "order": 0,
      "file_field": "Thai_-_What_I_Do_to_Stay_Well.mp4",
      "file_field_original_name": "",
      "subtitle_file": "",
      "poster": "",
      "thumbnail": "",
      "fpm4_transcode": "Thai_-_What_I_Do_to_Stay_Well//index.mpd",
      "mp4_transcode": "Thai_-_What_I_Do_to_Stay_Well//jaspr_720p_Thai_-_What_I_Do_to_Stay_Well.mp4",
      "mp3_transcode": "",
      "hls_playlist": "Thai_-_What_I_Do_to_Stay_Well//index.m3u8",
      "dash_playlist": "Thai_-_What_I_Do_to_Stay_Well//index.mpd"
    }
  },
  {
    "model": "awsmedia.media",
    "pk": 168,
    "fields": {
      "created": "2019-07-22T17:20:37.154Z",
      "modified": "2019-11-27T22:50:06.741Z",
      "status": "active",
      "name": "Diana - My Story",
      "description": "",
      "transcript": "",
      "tips": "",
      "completion_time": null,
      "duration": null,
      "file_type": "video",
      "transcode_status": "completed",
      "order": 0,
      "file_field": "Diana_-_My_Story.mp4",
      "file_field_original_name": "",
      "subtitle_file": "",
      "poster": "",
      "thumbnail": "",
      "fpm4_transcode": "Diana_-_My_Story//index.mpd",
      "mp4_transcode": "Diana_-_My_Story//jaspr_720p_Diana_-_My_Story.mp4",
      "mp3_transcode": "",
      "hls_playlist": "Diana_-_My_Story//index.m3u8",
      "dash_playlist": "Diana_-_My_Story//index.mpd"
    }
  },
  {
    "model": "awsmedia.media",
    "pk": 169,
    "fields": {
      "created": "2019-07-22T17:27:25.015Z",
      "modified": "2019-11-25T20:05:05.446Z",
      "status": "active",
      "name": "Ashley - Relationship to Suicide",
      "description": "",
      "transcript": "",
      "tips": "",
      "completion_time": null,
      "duration": null,
      "file_type": "video",
      "transcode_status": "completed",
      "order": 0,
      "file_field": "Ashley_-_Relationship_to_Suicide.mp4",
      "file_field_original_name": "",
      "subtitle_file": "",
      "poster": "",
      "thumbnail": "",
      "fpm4_transcode": "Ashley_-_Relationship_to_Suicide//index.mpd",
      "mp4_transcode": "Ashley_-_Relationship_to_Suicide//jaspr_720p_Ashley_-_Relationship_to_Suicide.mp4",
      "mp3_transcode": "",
      "hls_playlist": "Ashley_-_Relationship_to_Suicide//index.m3u8",
      "dash_playlist": "Ashley_-_Relationship_to_Suicide//index.mpd"
    }
  },
  {
    "model": "awsmedia.media",
    "pk": 170,
    "fields": {
      "created": "2019-07-22T17:33:40.659Z",
      "modified": "2020-05-29T19:29:59.644Z",
      "status": "active",
      "name": "Ashley - Going Home",
      "description": "",
      "transcript": "",
      "tips": "",
      "completion_time": null,
      "duration": null,
      "file_type": "video",
      "transcode_status": "completed",
      "order": 0,
      "file_field": "Ashley_-_Going_HomeV2.mp4",
      "file_field_original_name": "",
      "subtitle_file": "",
      "poster": "",
      "thumbnail": "",
      "fpm4_transcode": "Ashley_-_Going_HomeV2//index.mpd",
      "mp4_transcode": "Ashley_-_Going_HomeV2//jaspr_720p_Ashley_-_Going_HomeV2.mp4",
      "mp3_transcode": "",
      "hls_playlist": "Ashley_-_Going_HomeV2//index.m3u8",
      "dash_playlist": "Ashley_-_Going_HomeV2//index.mpd"
    }
  },
  {
    "model": "awsmedia.media",
    "pk": 171,
    "fields": {
      "created": "2019-07-22T17:40:57.705Z",
      "modified": "2019-11-26T21:05:05.707Z",
      "status": "active",
      "name": "Emmy - What I Do to Stay Well",
      "description": "",
      "transcript": "",
      "tips": "",
      "completion_time": null,
      "duration": null,
      "file_type": "video",
      "transcode_status": "completed",
      "order": 0,
      "file_field": "Emmy_-_What_I_do_to_Stay_Well.mp4",
      "file_field_original_name": "",
      "subtitle_file": "",
      "poster": "",
      "thumbnail": "",
      "fpm4_transcode": "Emmy_-_What_I_do_to_Stay_Well//index.mpd",
      "mp4_transcode": "Emmy_-_What_I_do_to_Stay_Well//jaspr_720p_Emmy_-_What_I_do_to_Stay_Well.mp4",
      "mp3_transcode": "",
      "hls_playlist": "Emmy_-_What_I_do_to_Stay_Well//index.m3u8",
      "dash_playlist": "Emmy_-_What_I_do_to_Stay_Well//index.mpd"
    }
  },
  {
    "model": "awsmedia.media",
    "pk": 172,
    "fields": {
      "created": "2019-07-22T17:46:11.974Z",
      "modified": "2019-11-27T19:05:05.638Z",
      "status": "active",
      "name": "Thai - Surviving the ER",
      "description": "",
      "transcript": "",
      "tips": "",
      "completion_time": null,
      "duration": null,
      "file_type": "video",
      "transcode_status": "completed",
      "order": 0,
      "file_field": "Thai_-_Surviving_the_ER.mp4",
      "file_field_original_name": "",
      "subtitle_file": "",
      "poster": "",
      "thumbnail": "",
      "fpm4_transcode": "Thai_-_Surviving_the_ER//index.mpd",
      "mp4_transcode": "Thai_-_Surviving_the_ER//jaspr_720p_Thai_-_Surviving_the_ER.mp4",
      "mp3_transcode": "",
      "hls_playlist": "Thai_-_Surviving_the_ER//index.m3u8",
      "dash_playlist": "Thai_-_Surviving_the_ER//index.mpd"
    }
  },
  {
    "model": "awsmedia.media",
    "pk": 173,
    "fields": {
      "created": "2019-07-22T18:01:47.390Z",
      "modified": "2019-11-27T18:35:06.123Z",
      "status": "active",
      "name": "Thai - My Story",
      "description": "",
      "transcript": "",
      "tips": "",
      "completion_time": null,
      "duration": null,
      "file_type": "video",
      "transcode_status": "completed",
      "order": 0,
      "file_field": "Thai_-_My_Story.mp4",
      "file_field_original_name": "",
      "subtitle_file": "",
      "poster": "",
      "thumbnail": "",
      "fpm4_transcode": "Thai_-_My_Story//index.mpd",
      "mp4_transcode": "Thai_-_My_Story//jaspr_720p_Thai_-_My_Story.mp4",
      "mp3_transcode": "",
      "hls_playlist": "Thai_-_My_Story//index.m3u8",
      "dash_playlist": "Thai_-_My_Story//index.mpd"
    }
  },
  {
    "model": "awsmedia.media",
    "pk": 174,
    "fields": {
      "created": "2019-07-22T18:12:57.743Z",
      "modified": "2019-11-27T22:35:06.108Z",
      "status": "active",
      "name": "Beth - My Story",
      "description": "",
      "transcript": "",
      "tips": "",
      "completion_time": null,
      "duration": null,
      "file_type": "video",
      "transcode_status": "completed",
      "order": 0,
      "file_field": "Beth_-_My_Story.mp4",
      "file_field_original_name": "",
      "subtitle_file": "",
      "poster": "",
      "thumbnail": "",
      "fpm4_transcode": "Beth_-_My_Story//index.mpd",
      "mp4_transcode": "Beth_-_My_Story//jaspr_720p_Beth_-_My_Story.mp4",
      "mp3_transcode": "",
      "hls_playlist": "Beth_-_My_Story//index.m3u8",
      "dash_playlist": "Beth_-_My_Story//index.mpd"
    }
  },
  {
    "model": "awsmedia.media",
    "pk": 175,
    "fields": {
      "created": "2019-07-22T18:16:50.408Z",
      "modified": "2019-11-25T22:50:06.025Z",
      "status": "active",
      "name": "Charles - My Wish For You",
      "description": "",
      "transcript": "",
      "tips": "",
      "completion_time": null,
      "duration": null,
      "file_type": "video",
      "transcode_status": "completed",
      "order": 0,
      "file_field": "Charles_-_My_Wish_for_You.mp4",
      "file_field_original_name": "",
      "subtitle_file": "",
      "poster": "",
      "thumbnail": "",
      "fpm4_transcode": "Charles_-_My_Wish_for_You//index.mpd",
      "mp4_transcode": "Charles_-_My_Wish_for_You//jaspr_720p_Charles_-_My_Wish_for_You.mp4",
      "mp3_transcode": "",
      "hls_playlist": "Charles_-_My_Wish_for_You//index.m3u8",
      "dash_playlist": "Charles_-_My_Wish_for_You//index.mpd"
    }
  },
  {
    "model": "awsmedia.media",
    "pk": 176,
    "fields": {
      "created": "2019-07-22T18:26:23.338Z",
      "modified": "2019-11-27T20:35:05.644Z",
      "status": "active",
      "name": "Ursula - Coping with Shame",
      "description": "",
      "transcript": "",
      "tips": "",
      "completion_time": null,
      "duration": null,
      "file_type": "video",
      "transcode_status": "completed",
      "order": 0,
      "file_field": "Ursula_-_Coping_with_Shame.mp4",
      "file_field_original_name": "",
      "subtitle_file": "",
      "poster": "",
      "thumbnail": "",
      "fpm4_transcode": "Ursula_-_Coping_with_Shame//index.mpd",
      "mp4_transcode": "Ursula_-_Coping_with_Shame//jaspr_720p_Ursula_-_Coping_with_Shame.mp4",
      "mp3_transcode": "",
      "hls_playlist": "Ursula_-_Coping_with_Shame//index.m3u8",
      "dash_playlist": "Ursula_-_Coping_with_Shame//index.mpd"
    }
  },
  {
    "model": "awsmedia.media",
    "pk": 177,
    "fields": {
      "created": "2019-09-16T20:01:08.184Z",
      "modified": "2019-11-25T22:50:06.391Z",
      "status": "active",
      "name": "Diana - My ER Experience",
      "description": "",
      "transcript": "",
      "tips": "",
      "completion_time": null,
      "duration": null,
      "file_type": "video",
      "transcode_status": "completed",
      "order": 0,
      "file_field": "Diana_-_My_ER_Experience.mp4",
      "file_field_original_name": "",
      "subtitle_file": "",
      "poster": "",
      "thumbnail": "",
      "fpm4_transcode": "Diana_-_My_ER_Experience//index.mpd",
      "mp4_transcode": "Diana_-_My_ER_Experience//jaspr_720p_Diana_-_My_ER_Experience.mp4",
      "mp3_transcode": "",
      "hls_playlist": "Diana_-_My_ER_Experience//index.m3u8",
      "dash_playlist": "Diana_-_My_ER_Experience//index.mpd"
    }
  },
  {
    "model": "awsmedia.media",
    "pk": 178,
    "fields": {
      "created": "2019-09-16T23:44:20.580Z",
      "modified": "2019-11-26T21:20:05.420Z",
      "status": "active",
      "name": "Jim - Coping with Shame",
      "description": "",
      "transcript": "",
      "tips": "",
      "completion_time": null,
      "duration": null,
      "file_type": "video",
      "transcode_status": "completed",
      "order": 0,
      "file_field": "Jim_-_Coping_with_Shame.mp4",
      "file_field_original_name": "",
      "subtitle_file": "",
      "poster": "",
      "thumbnail": "",
      "fpm4_transcode": "Jim_-_Coping_with_Shame//index.mpd",
      "mp4_transcode": "Jim_-_Coping_with_Shame//jaspr_720p_Jim_-_Coping_with_Shame.mp4",
      "mp3_transcode": "",
      "hls_playlist": "Jim_-_Coping_with_Shame//index.m3u8",
      "dash_playlist": "Jim_-_Coping_with_Shame//index.mpd"
    }
  },
  {
    "model": "awsmedia.media",
    "pk": 179,
    "fields": {
      "created": "2019-09-16T23:50:22.416Z",
      "modified": "2019-11-26T21:35:05.372Z",
      "status": "active",
      "name": "Jim - Going Home",
      "description": "",
      "transcript": "",
      "tips": "",
      "completion_time": null,
      "duration": null,
      "file_type": "video",
      "transcode_status": "completed",
      "order": 0,
      "file_field": "Jim_-_Going_Home.mp4",
      "file_field_original_name": "",
      "subtitle_file": "",
      "poster": "",
      "thumbnail": "",
      "fpm4_transcode": "Jim_-_Going_Home//index.mpd",
      "mp4_transcode": "Jim_-_Going_Home//jaspr_720p_Jim_-_Going_Home.mp4",
      "mp3_transcode": "",
      "hls_playlist": "Jim_-_Going_Home//index.m3u8",
      "dash_playlist": "Jim_-_Going_Home//index.mpd"
    }
  },
  {
    "model": "awsmedia.media",
    "pk": 180,
    "fields": {
      "created": "2019-09-16T23:56:14.238Z",
      "modified": "2019-11-26T22:05:05.698Z",
      "status": "active",
      "name": "Jim - My Story",
      "description": "",
      "transcript": "",
      "tips": "",
      "completion_time": null,
      "duration": null,
      "file_type": "video",
      "transcode_status": "completed",
      "order": 0,
      "file_field": "Jim_-_My_Story.mp4",
      "file_field_original_name": "",
      "subtitle_file": "",
      "poster": "",
      "thumbnail": "",
      "fpm4_transcode": "Jim_-_My_Story//index.mpd",
      "mp4_transcode": "Jim_-_My_Story//jaspr_720p_Jim_-_My_Story.mp4",
      "mp3_transcode": "",
      "hls_playlist": "Jim_-_My_Story//index.m3u8",
      "dash_playlist": "Jim_-_My_Story//index.mpd"
    }
  },
  {
    "model": "awsmedia.media",
    "pk": 181,
    "fields": {
      "created": "2019-09-16T23:58:28.467Z",
      "modified": "2019-11-26T22:05:06.067Z",
      "status": "active",
      "name": "Jim - My Wish For You",
      "description": "",
      "transcript": "",
      "tips": "",
      "completion_time": null,
      "duration": null,
      "file_type": "video",
      "transcode_status": "completed",
      "order": 0,
      "file_field": "Jim_-_My_Wish_for_You.mp4",
      "file_field_original_name": "",
      "subtitle_file": "",
      "poster": "",
      "thumbnail": "",
      "fpm4_transcode": "Jim_-_My_Wish_for_You//index.mpd",
      "mp4_transcode": "Jim_-_My_Wish_for_You//jaspr_720p_Jim_-_My_Wish_for_You.mp4",
      "mp3_transcode": "",
      "hls_playlist": "Jim_-_My_Wish_for_You//index.m3u8",
      "dash_playlist": "Jim_-_My_Wish_for_You//index.mpd"
    }
  },
  {
    "model": "awsmedia.media",
    "pk": 182,
    "fields": {
      "created": "2019-09-17T00:04:19.226Z",
      "modified": "2019-11-26T22:20:05.577Z",
      "status": "active",
      "name": "Jim - What I Do to Stay Well",
      "description": "",
      "transcript": "",
      "tips": "",
      "completion_time": null,
      "duration": null,
      "file_type": "video",
      "transcode_status": "completed",
      "order": 0,
      "file_field": "Jim_-_What_I_do_to_Stay_Well.mp4",
      "file_field_original_name": "",
      "subtitle_file": "",
      "poster": "",
      "thumbnail": "",
      "fpm4_transcode": "Jim_-_What_I_do_to_Stay_Well//index.mpd",
      "mp4_transcode": "Jim_-_What_I_do_to_Stay_Well//jaspr_720p_Jim_-_What_I_do_to_Stay_Well.mp4",
      "mp3_transcode": "",
      "hls_playlist": "Jim_-_What_I_do_to_Stay_Well//index.m3u8",
      "dash_playlist": "Jim_-_What_I_do_to_Stay_Well//index.mpd"
    }
  },
  {
    "model": "awsmedia.media",
    "pk": 183,
    "fields": {
      "created": "2019-12-04T19:57:27.912Z",
      "modified": "2019-12-04T20:05:05.966Z",
      "status": "active",
      "name": "Getting Through Hardest Moments - Emmy",
      "description": "",
      "transcript": "",
      "tips": "",
      "completion_time": null,
      "duration": null,
      "file_type": "video",
      "transcode_status": "completed",
      "order": 0,
      "file_field": "Emmy_-_Coping_with_Hardest_Moments.mp4",
      "file_field_original_name": "",
      "subtitle_file": "",
      "poster": "",
      "thumbnail": "",
      "fpm4_transcode": "Emmy_-_Coping_with_Hardest_Moments//index.mpd",
      "mp4_transcode": "Emmy_-_Coping_with_Hardest_Moments//jaspr_720p_Emmy_-_Coping_with_Hardest_Moments.mp4",
      "mp3_transcode": "",
      "hls_playlist": "Emmy_-_Coping_with_Hardest_Moments//index.m3u8",
      "dash_playlist": "Emmy_-_Coping_with_Hardest_Moments//index.mpd"
    }
  },
  {
    "model": "awsmedia.media",
    "pk": 184,
    "fields": {
      "created": "2019-12-05T19:34:13.307Z",
      "modified": "2019-12-05T19:50:06.121Z",
      "status": "active",
      "name": "Getting Through Hardest Moments - Thai",
      "description": "",
      "transcript": "",
      "tips": "",
      "completion_time": null,
      "duration": null,
      "file_type": "video",
      "transcode_status": "completed",
      "order": 0,
      "file_field": "Thai_-_Skills_-_Hardest_Moments.mp4",
      "file_field_original_name": "",
      "subtitle_file": "",
      "poster": "",
      "thumbnail": "",
      "fpm4_transcode": "Thai_-_Skills_-_Hardest_Moments//index.mpd",
      "mp4_transcode": "Thai_-_Skills_-_Hardest_Moments//jaspr_720p_Thai_-_Skills_-_Hardest_Moments.mp4",
      "mp3_transcode": "",
      "hls_playlist": "Thai_-_Skills_-_Hardest_Moments//index.m3u8",
      "dash_playlist": "Thai_-_Skills_-_Hardest_Moments//index.mpd"
    }
  },
  {
    "model": "awsmedia.media",
    "pk": 185,
    "fields": {
      "created": "2019-12-06T19:09:29.682Z",
      "modified": "2019-12-06T19:20:05.220Z",
      "status": "active",
      "name": "Ursula - Going Home",
      "description": "",
      "transcript": "",
      "tips": "",
      "completion_time": null,
      "duration": null,
      "file_type": "video",
      "transcode_status": "completed",
      "order": 0,
      "file_field": "Ursula_-_Lethal_Means.mp4",
      "file_field_original_name": "",
      "subtitle_file": "",
      "poster": "",
      "thumbnail": "",
      "fpm4_transcode": "Ursula_-_Lethal_Means//index.mpd",
      "mp4_transcode": "Ursula_-_Lethal_Means//jaspr_720p_Ursula_-_Lethal_Means.mp4",
      "mp3_transcode": "",
      "hls_playlist": "Ursula_-_Lethal_Means//index.m3u8",
      "dash_playlist": "Ursula_-_Lethal_Means//index.mpd"
    }
  },
  {
    "model": "awsmedia.media",
    "pk": 188,
    "fields": {
      "created": "2020-02-05T22:31:23.917Z",
      "modified": "2020-02-06T19:31:34.991Z",
      "status": "active",
      "name": "Loved Ones: You're Not Alone",
      "description": "",
      "transcript": "",
      "tips": "",
      "completion_time": null,
      "duration": null,
      "file_type": "video",
      "transcode_status": "completed",
      "order": 0,
      "file_field": "Huynh_-_You_are_Not_Alone.mp4",
      "file_field_original_name": "",
      "subtitle_file": "",
      "poster": "notAlone.png",
      "thumbnail": "",
      "fpm4_transcode": "Huynh_-_You_are_Not_Alone//index.mpd",
      "mp4_transcode": "Huynh_-_You_are_Not_Alone//jaspr_720p_Huynh_-_You_are_Not_Alone.mp4",
      "mp3_transcode": "",
      "hls_playlist": "Huynh_-_You_are_Not_Alone//index.m3u8",
      "dash_playlist": "Huynh_-_You_are_Not_Alone//index.mpd"
    }
  },
  {
    "model": "awsmedia.media",
    "pk": 189,
    "fields": {
      "created": "2020-02-05T22:37:23.644Z",
      "modified": "2020-02-06T19:29:51.758Z",
      "status": "active",
      "name": "Loved Ones: Helping the Care Team",
      "description": "",
      "transcript": "",
      "tips": "",
      "completion_time": null,
      "duration": null,
      "file_type": "video",
      "transcode_status": "completed",
      "order": 0,
      "file_field": "Huynh_-_We_Need_Your_Insight.mp4",
      "file_field_original_name": "",
      "subtitle_file": "",
      "poster": "helpingCareTeam.png",
      "thumbnail": "",
      "fpm4_transcode": "Huynh_-_We_Need_Your_Insight//index.mpd",
      "mp4_transcode": "Huynh_-_We_Need_Your_Insight//jaspr_720p_Huynh_-_We_Need_Your_Insight.mp4",
      "mp3_transcode": "",
      "hls_playlist": "Huynh_-_We_Need_Your_Insight//index.m3u8",
      "dash_playlist": "Huynh_-_We_Need_Your_Insight//index.mpd"
    }
  },
  {
    "model": "awsmedia.media",
    "pk": 190,
    "fields": {
      "created": "2020-02-05T22:40:06.918Z",
      "modified": "2020-02-06T19:30:30.650Z",
      "status": "active",
      "name": "Loved Ones: Inpatient Units",
      "description": "",
      "transcript": "",
      "tips": "",
      "completion_time": null,
      "duration": null,
      "file_type": "video",
      "transcode_status": "completed",
      "order": 0,
      "file_field": "Huynh_-_Understanding_Inpatient.mp4",
      "file_field_original_name": "",
      "subtitle_file": "",
      "poster": "inpatientUnits.png",
      "thumbnail": "",
      "fpm4_transcode": "Huynh_-_Understanding_Inpatient//index.mpd",
      "mp4_transcode": "Huynh_-_Understanding_Inpatient//jaspr_720p_Huynh_-_Understanding_Inpatient.mp4",
      "mp3_transcode": "",
      "hls_playlist": "Huynh_-_Understanding_Inpatient//index.m3u8",
      "dash_playlist": "Huynh_-_Understanding_Inpatient//index.mpd"
    }
  },
  {
    "model": "awsmedia.media",
    "pk": 191,
    "fields": {
      "created": "2020-02-05T22:44:39.721Z",
      "modified": "2020-02-06T19:30:53.337Z",
      "status": "active",
      "name": "Loved Ones: Returning Home",
      "description": "",
      "transcript": "",
      "tips": "",
      "completion_time": null,
      "duration": null,
      "file_type": "video",
      "transcode_status": "completed",
      "order": 0,
      "file_field": "Huynh_-_Taking_Your_Loved_One_Home_from_the_ER.mp4",
      "file_field_original_name": "",
      "subtitle_file": "",
      "poster": "returningHome.png",
      "thumbnail": "",
      "fpm4_transcode": "Huynh_-_Taking_Your_Loved_One_Home_from_the_ER//index.mpd",
      "mp4_transcode": "Huynh_-_Taking_Your_Loved_One_Home_from_the_ER//jaspr_720p_Huynh_-_Taking_Your_Loved_One_Home_from_the_ER.mp4",
      "mp3_transcode": "",
      "hls_playlist": "Huynh_-_Taking_Your_Loved_One_Home_from_the_ER//index.m3u8",
      "dash_playlist": "Huynh_-_Taking_Your_Loved_One_Home_from_the_ER//index.mpd"
    }
  },
  {
    "model": "awsmedia.media",
    "pk": 192,
    "fields": {
      "created": "2020-02-05T22:49:54.195Z",
      "modified": "2020-02-06T19:23:18.615Z",
      "status": "active",
      "name": "Loved Ones: First 72 Hours Post ER",
      "description": "",
      "transcript": "",
      "tips": "",
      "completion_time": null,
      "duration": null,
      "file_type": "video",
      "transcode_status": "completed",
      "order": 0,
      "file_field": "Julia_-_First_72_Hours.mp4",
      "file_field_original_name": "",
      "subtitle_file": "",
      "poster": "first72hours_poster.png",
      "thumbnail": "",
      "fpm4_transcode": "Julia_-_First_72_Hours//index.mpd",
      "mp4_transcode": "Julia_-_First_72_Hours//jaspr_720p_Julia_-_First_72_Hours.mp4",
      "mp3_transcode": "",
      "hls_playlist": "Julia_-_First_72_Hours//index.m3u8",
      "dash_playlist": "Julia_-_First_72_Hours//index.mpd"
    }
  },
  {
    "model": "awsmedia.media",
    "pk": 193,
    "fields": {
      "created": "2020-02-06T19:36:53.247Z",
      "modified": "2020-02-06T19:50:05.940Z",
      "status": "active",
      "name": "Loved Ones: Levels of Care",
      "description": "",
      "transcript": "",
      "tips": "",
      "completion_time": null,
      "duration": null,
      "file_type": "video",
      "transcode_status": "completed",
      "order": 0,
      "file_field": "Huynh_-_Understanding_Levels_of_Care.mp4",
      "file_field_original_name": "",
      "subtitle_file": "",
      "poster": "levelsOfCare.png",
      "thumbnail": "",
      "fpm4_transcode": "Huynh_-_Understanding_Levels_of_Care//index.mpd",
      "mp4_transcode": "Huynh_-_Understanding_Levels_of_Care//jaspr_720p_Huynh_-_Understanding_Levels_of_Care.mp4",
      "mp3_transcode": "",
      "hls_playlist": "Huynh_-_Understanding_Levels_of_Care//index.m3u8",
      "dash_playlist": "Huynh_-_Understanding_Levels_of_Care//index.mpd"
    }
  },
  {
    "model": "awsmedia.media",
    "pk": 194,
    "fields": {
      "created": "2020-06-05T17:00:17.133Z",
      "modified": "2022-05-03T15:31:41.438Z",
      "status": "active",
      "name": "Distress Survival Guide Intro",
      "description": "Hello, I'm really glad you're here. I want you to know the fact that you picked up this app is a really big deal. You are important and your life is worth saving. After multiple suicide attempts myself and being in and out of hospitals for years, I can say I've been in really dark places myself. When I'm struggling, it's like I have some kind of blinders on where the only way I can see to get me out of my pain is dying. I also want you to know, there is hope, even if you don't believe it. My life is good today, it's good because I put off dying and I learned to ask for help, and use skills to get better. This app will walk you through some activities to help right now, it will guide you through your stability plan and offer you tools and support that you can practice today and anytime you start to feel the need for help. Please hang in there and give this a try. I really want you to stay in this world long enough to get through how you're feeling and realize just how much you matter.",
      "transcript": "",
      "tips": "",
      "completion_time": null,
      "duration": null,
      "file_type": "video",
      "transcode_status": "completed",
      "order": 0,
      "file_field": "Topher_-_ICM_-_PLE_Walkthrough_Intro.mp4",
      "file_field_original_name": "Topher_-_ICM_-_PLE_Walkthrough_Intro.mp4",
      "subtitle_file": "",
      "poster": "Screen_Shot_2020-06-05_at_9.42.29_AM.png",
      "thumbnail": "",
      "fpm4_transcode": "Topher_-_ICM_-_PLE_Walkthrough_Intro//index.mpd",
      "mp4_transcode": "Topher_-_ICM_-_PLE_Walkthrough_Intro//kiosk_720p_Topher_-_ICM_-_PLE_Walkthrough_Intro.mp4",
      "mp3_transcode": "",
      "hls_playlist": "Topher_-_ICM_-_PLE_Walkthrough_Intro//index.m3u8",
      "dash_playlist": "Topher_-_ICM_-_PLE_Walkthrough_Intro//index.mpd"
    }
  },
  {
    "model": "awsmedia.media",
    "pk": 195,
    "fields": {
      "created": "2020-06-05T17:20:32.295Z",
      "modified": "2022-05-03T15:32:21.546Z",
      "status": "active",
      "name": "Reasons for Living - Walkthrough",
      "description": "Reasons for living are the most important things in your life that make you want to keep going even during the hardest moments: your family, pets, seeing tulips bloom, or the remake of your favorite film. For some, they're easy to find. For others, finding even one can feel impossible and may require help and support to find one. When we do identify something, even if it seems small, it can help us get through the darkest of times as help to start building a life we want to live. Once you've identified your reasons for living, the key is to keep them near and in your mind during the difficult moments.",
      "transcript": "",
      "tips": "",
      "completion_time": null,
      "duration": null,
      "file_type": "video",
      "transcode_status": "completed",
      "order": 0,
      "file_field": "Topher_-_ICM_-_Scripted_-Reasons_for_Living_-_Walkthrough.mp4",
      "file_field_original_name": "Topher_-_ICM_-_Scripted_-Reasons_for_Living_-_Walkthrough.mp4",
      "subtitle_file": "",
      "poster": "Screen_Shot_2020-06-05_at_10.16.14_AM.png",
      "thumbnail": "",
      "fpm4_transcode": "Topher_-_ICM_-_Scripted_-Reasons_for_Living_-_Walkthrough//index.mpd",
      "mp4_transcode": "Topher_-_ICM_-_Scripted_-Reasons_for_Living_-_Walkthrough//kiosk_720p_Topher_-_ICM_-_Scripted_-Reasons_for_Living_-_Walkthrough.mp4",
      "mp3_transcode": "",
      "hls_playlist": "Topher_-_ICM_-_Scripted_-Reasons_for_Living_-_Walkthrough//index.m3u8",
      "dash_playlist": "Topher_-_ICM_-_Scripted_-Reasons_for_Living_-_Walkthrough//index.mpd"
    }
  },
  {
    "model": "awsmedia.media",
    "pk": 196,
    "fields": {
      "created": "2020-06-05T17:28:06.891Z",
      "modified": "2020-06-05T21:10:25.932Z",
      "status": "active",
      "name": "Making Home Safer - Walkthrough",
      "description": "In moments of extreme distress, it's hard to think clearly. Emotions take over and the urge to die feels like the only way out. We know from people who have survived these feelings that the dark moments pass with time. The idea is that you find ways to get out the darkness and despair while also keeping yourself safe. This starts by giving yourself distance between you and the things you might use to harm or kill yourself. Having a plan is important. It might just be temporary, or one you use permanently. You get to decide. What matters is that you have a plan for yourself so if you find yourself wanting to die again, you are safe and have a chance to (re)build your life that you want to live. Making your home safe may be the single most important thing you can do to save your life.",
      "transcript": "",
      "tips": "",
      "completion_time": null,
      "duration": null,
      "file_type": "video",
      "transcode_status": "completed",
      "order": 0,
      "file_field": "Ursula_-_ICM_Lethal_Means.mp4",
      "file_field_original_name": "",
      "subtitle_file": "",
      "poster": "Screen_Shot_2020-06-05_at_10.25.36_AM.png",
      "thumbnail": "",
      "fpm4_transcode": "Ursula_-_ICM_Lethal_Means//index.mpd",
      "mp4_transcode": "Ursula_-_ICM_Lethal_Means//kiosk_720p_Ursula_-_ICM_Lethal_Means.mp4",
      "mp3_transcode": "",
      "hls_playlist": "Ursula_-_ICM_Lethal_Means//index.m3u8",
      "dash_playlist": "Ursula_-_ICM_Lethal_Means//index.mpd"
    }
  },
  {
    "model": "awsmedia.media",
    "pk": 197,
    "fields": {
      "created": "2020-06-05T17:36:24.006Z",
      "modified": "2022-05-03T15:32:58.954Z",
      "status": "active",
      "name": "Warning Signals - Stability Plan",
      "description": "It's always good to know when you're heading toward the eye of the emotional storm. At a minimum, you can prepare so when it happens, the impact isn't quite so severe. Even better is if you can see the storm coming and start heading in another direction to avoid the crisis altogether. One of the best ways to prepare is to know your own personal warning signals - those things that tell you a crisis is around the corner like certain events, body sensations and the things you do when you're not doing well. The whole idea is to recognize early on when you are going off course and to have a plan when it happens, so you keep working to (re)build the life you want for yourself.",
      "transcript": "",
      "tips": "",
      "completion_time": null,
      "duration": null,
      "file_type": "video",
      "transcode_status": "completed",
      "order": 0,
      "file_field": "Topher_-_ICM_-_No_Script_-_Early_Warning_Signs_-_.Basic.mp4",
      "file_field_original_name": "Topher_-_ICM_-_No_Script_-_Early_Warning_Signs_-_.Basic.mp4",
      "subtitle_file": "",
      "poster": "Screen_Shot_2020-06-05_at_10.40.30_AM.png",
      "thumbnail": "",
      "fpm4_transcode": "Topher_-_ICM_-_No_Script_-_Early_Warning_Signs_-_.Basic//index.mpd",
      "mp4_transcode": "Topher_-_ICM_-_No_Script_-_Early_Warning_Signs_-_.Basic//kiosk_720p_Topher_-_ICM_-_No_Script_-_Early_Warning_Signs_-_.Basic.mp4",
      "mp3_transcode": "",
      "hls_playlist": "Topher_-_ICM_-_No_Script_-_Early_Warning_Signs_-_.Basic//index.m3u8",
      "dash_playlist": "Topher_-_ICM_-_No_Script_-_Early_Warning_Signs_-_.Basic//index.mpd"
    }
  },
  {
    "model": "awsmedia.media",
    "pk": 198,
    "fields": {
      "created": "2020-06-05T17:45:59.597Z",
      "modified": "2022-05-03T15:33:34.378Z",
      "status": "active",
      "name": "Making Home Safer - Stability Plan",
      "description": "Overwhelming feelings can make it very hard to think clearly. When this happens, the urge to die can feel like the only way to escape the pain. The fact is that overwhelming emotions do pass with time. One important step you can take for your own safety is to get some distance between you and the things you might use to harm yourself. This can give you enough time for your emotions to pass and for you to take steps to get help. The plan doesn't have to be forever, but long enough to give you a chance to get through dark moments when they come up.. Making your home safe may be the single most important thing you can do to save your life.",
      "transcript": "",
      "tips": "",
      "completion_time": null,
      "duration": null,
      "file_type": "video",
      "transcode_status": "completed",
      "order": 0,
      "file_field": "Topher_-_ICM_-_Making_Home_Safer_-_Basics.mp4",
      "file_field_original_name": "Topher_-_ICM_-_Making_Home_Safer_-_Basics.mp4",
      "subtitle_file": "",
      "poster": "Screen_Shot_2020-06-05_at_10.44.22_AM.png",
      "thumbnail": "",
      "fpm4_transcode": "Topher_-_ICM_-_Making_Home_Safer_-_Basics//index.mpd",
      "mp4_transcode": "Topher_-_ICM_-_Making_Home_Safer_-_Basics//kiosk_720p_Topher_-_ICM_-_Making_Home_Safer_-_Basics.mp4",
      "mp3_transcode": "",
      "hls_playlist": "Topher_-_ICM_-_Making_Home_Safer_-_Basics//index.m3u8",
      "dash_playlist": "Topher_-_ICM_-_Making_Home_Safer_-_Basics//index.mpd"
    }
  },
  {
    "model": "awsmedia.media",
    "pk": 199,
    "fields": {
      "created": "2020-06-05T17:50:20.235Z",
      "modified": "2022-05-03T15:34:06.437Z",
      "status": "active",
      "name": "Reasons for Living - Stability Plan",
      "description": "Finding the most important things in your life that makes you want to keep going, even in your darkest moments, can make the difference between life and death. Reasons for Living can be things like your family, friends, pets, spirituality or even just wanting to see spring flowers bloom. For some people, they're easy to find. For others, finding even one can feel impossible and may require help and support to find one. When you do find something, even if it seems small, it can be the seed that will get you through the moment and help you grow a life that you want to live.",
      "transcript": "",
      "tips": "",
      "completion_time": null,
      "duration": null,
      "file_type": "video",
      "transcode_status": "completed",
      "order": 0,
      "file_field": "Kelechi_-_ICM_-_Reasons_for_Living_-_Basic.mp4",
      "file_field_original_name": "Kelechi_-_ICM_-_Reasons_for_Living_-_Basic.mp4",
      "subtitle_file": "",
      "poster": "Screen_Shot_2020-06-05_at_10.48.45_AM.png",
      "thumbnail": "",
      "fpm4_transcode": "Kelechi_-_ICM_-_Reasons_for_Living_-_Basic//index.mpd",
      "mp4_transcode": "Kelechi_-_ICM_-_Reasons_for_Living_-_Basic//kiosk_720p_Kelechi_-_ICM_-_Reasons_for_Living_-_Basic.mp4",
      "mp3_transcode": "",
      "hls_playlist": "Kelechi_-_ICM_-_Reasons_for_Living_-_Basic//index.m3u8",
      "dash_playlist": "Kelechi_-_ICM_-_Reasons_for_Living_-_Basic//index.mpd"
    }
  },
  {
    "model": "awsmedia.media",
    "pk": 200,
    "fields": {
      "created": "2020-06-05T17:54:35.421Z",
      "modified": "2020-06-05T21:10:29.035Z",
      "status": "active",
      "name": "Coping Strategies - Stability Plan",
      "description": "There is no better time to have distress survival skills at the ready than when you're overwhelmed. There are lots of different ways to get through tough times - skills to help you distract so you can take your mind off of your problems for a period of time; to help you feel more comfortable and relaxed in the moment; help you see more clearly; and help you get through intense negative emotions.The idea is to explore different ways to get through really difficult moments. Learn from people with lived experience about coping strategies they found most useful and how they used them.",
      "transcript": "",
      "tips": "",
      "completion_time": null,
      "duration": null,
      "file_type": "video",
      "transcode_status": "completed",
      "order": 0,
      "file_field": "Topher_-_ICM_-_Coping_Skills_-_Basic.mp4",
      "file_field_original_name": "",
      "subtitle_file": "",
      "poster": "Screen_Shot_2020-06-05_at_10.53.01_AM.png",
      "thumbnail": "",
      "fpm4_transcode": "Topher_-_ICM_-_Coping_Skills_-_Basic//index.mpd",
      "mp4_transcode": "Topher_-_ICM_-_Coping_Skills_-_Basic//kiosk_720p_Topher_-_ICM_-_Coping_Skills_-_Basic.mp4",
      "mp3_transcode": "",
      "hls_playlist": "Topher_-_ICM_-_Coping_Skills_-_Basic//index.m3u8",
      "dash_playlist": "Topher_-_ICM_-_Coping_Skills_-_Basic//index.mpd"
    }
  },
  {
    "model": "awsmedia.media",
    "pk": 203,
    "fields": {
      "created": "2020-06-05T18:39:12.448Z",
      "modified": "2022-05-03T15:34:38.043Z",
      "status": "active",
      "name": "Supportive People - Main video",
      "description": "Calling a supportive person might seem easy until you're actually in a crisis. You might start thinking all kinds of reasons why you might not want to reach out for help: Maybe they are busy and you don't want to bother them; your problems aren't big or important enough, or are too big; they have their own problems that are bigger than yours. The list goes on and on. It helps to remember that you chose them for a reason - probably because you know they care about you, want you to stay in the world, and can be helpful. For many people, helping people during their time of need is an honor and a gift; they too feel better having helped. You can just say you want to chat; if you're in trouble, you can get super honest and say you need help and support. The important part is to reach out and not suffer alone.",
      "transcript": "",
      "tips": "",
      "completion_time": null,
      "duration": null,
      "file_type": "video",
      "transcode_status": "completed",
      "order": 0,
      "file_field": "Topher_-_ICM_-_Supportive_People_-_Basics_v2.mp4",
      "file_field_original_name": "Topher_-_ICM_-_Supportive_People_-_Basics_v2.mp4",
      "subtitle_file": "",
      "poster": "Screen_Shot_2020-06-05_at_11.20.46_AM.png",
      "thumbnail": "",
      "fpm4_transcode": "Topher_-_ICM_-_Supportive_People_-_Basics_v2//index.mpd",
      "mp4_transcode": "Topher_-_ICM_-_Supportive_People_-_Basics_v2//kiosk_720p_Topher_-_ICM_-_Supportive_People_-_Basics_v2.mp4",
      "mp3_transcode": "",
      "hls_playlist": "Topher_-_ICM_-_Supportive_People_-_Basics_v2//index.m3u8",
      "dash_playlist": "Topher_-_ICM_-_Supportive_People_-_Basics_v2//index.mpd"
    }
  },
  {
    "model": "awsmedia.media",
    "pk": 204,
    "fields": {
      "created": "2020-06-05T18:43:48.591Z",
      "modified": "2020-06-26T21:22:49.457Z",
      "status": "active",
      "name": "Topher - Supportive People",
      "description": "",
      "transcript": "",
      "tips": "",
      "completion_time": null,
      "duration": null,
      "file_type": "video",
      "transcode_status": "completed",
      "order": 0,
      "file_field": "Topher_-_ICM_-_Supportive_Poeple_-_Shared_Story.mp4",
      "file_field_original_name": "",
      "subtitle_file": "",
      "poster": "Screen_Shot_2020-06-05_at_11.21.18_AM.png",
      "thumbnail": "",
      "fpm4_transcode": "Topher_-_ICM_-_Supportive_Poeple_-_Shared_Story//index.mpd",
      "mp4_transcode": "Topher_-_ICM_-_Supportive_Poeple_-_Shared_Story//kiosk_720p_Topher_-_ICM_-_Supportive_Poeple_-_Shared_Story.mp4",
      "mp3_transcode": "",
      "hls_playlist": "Topher_-_ICM_-_Supportive_Poeple_-_Shared_Story//index.m3u8",
      "dash_playlist": "Topher_-_ICM_-_Supportive_Poeple_-_Shared_Story//index.mpd"
    }
  },
  {
    "model": "awsmedia.media",
    "pk": 205,
    "fields": {
      "created": "2020-06-10T16:23:39.090Z",
      "modified": "2020-06-10T16:51:23.800Z",
      "status": "active",
      "name": "National Hotline - What it is",
      "description": "",
      "transcript": "",
      "tips": "",
      "completion_time": null,
      "duration": null,
      "file_type": "video",
      "transcode_status": "completed",
      "order": 0,
      "file_field": "Allie_-_ICM_-_Crisis_Line_-_What_it_is.mp4",
      "file_field_original_name": "",
      "subtitle_file": "",
      "poster": "Screen_Shot_2020-06-10_at_9.20.13_AM.png",
      "thumbnail": "",
      "fpm4_transcode": "Allie_-_ICM_-_Crisis_Line_-_What_it_is//index.mpd",
      "mp4_transcode": "Allie_-_ICM_-_Crisis_Line_-_What_it_is//kiosk_720p_Allie_-_ICM_-_Crisis_Line_-_What_it_is.mp4",
      "mp3_transcode": "",
      "hls_playlist": "Allie_-_ICM_-_Crisis_Line_-_What_it_is//index.m3u8",
      "dash_playlist": "Allie_-_ICM_-_Crisis_Line_-_What_it_is//index.mpd"
    }
  },
  {
    "model": "awsmedia.media",
    "pk": 206,
    "fields": {
      "created": "2020-06-10T16:26:31.151Z",
      "modified": "2022-05-10T14:41:53.603Z",
      "status": "active",
      "name": "National Hotline - What to Expect",
      "description": "After introducing themselves, the first thing the crisis line volunteer may ask you is your name. You don't have to give it if you don't want to. Next, they will ask something like, \"What's going on for you today?\" At this point, you control the conversation, including what to say and how much detail to provide. Their job then is to listen and offer support. If you are in crisis, they will ask if you have a safety plan for what to do in situations like the one you are in. If you do, they'll help you figure out how best to use it. When callers don't have a safety plan, they will help create one. Their goal in these situations is to think with you about how to stay safe for the next couple of hours and days, and to figure out when it's a good idea to call the crisis line back.",
      "transcript": "",
      "tips": "",
      "completion_time": null,
      "duration": null,
      "file_type": "video",
      "transcode_status": "completed",
      "order": 0,
      "file_field": "Allie_-_ICM_-_Crisis_Line_-_What_to_Expect.mp4",
      "file_field_original_name": "Allie_-_ICM_-_Crisis_Line_-_What_to_Expect.mp4",
      "subtitle_file": "",
      "poster": "Screen_Shot_2020-06-10_at_9.19.23_AM.png",
      "thumbnail": "",
      "fpm4_transcode": "Allie_-_ICM_-_Crisis_Line_-_What_to_Expect//index.mpd",
      "mp4_transcode": "Allie_-_ICM_-_Crisis_Line_-_What_to_Expect//kiosk_720p_Allie_-_ICM_-_Crisis_Line_-_What_to_Expect.mp4",
      "mp3_transcode": "",
      "hls_playlist": "Allie_-_ICM_-_Crisis_Line_-_What_to_Expect//index.m3u8",
      "dash_playlist": "Allie_-_ICM_-_Crisis_Line_-_What_to_Expect//index.mpd"
    }
  },
  {
    "model": "awsmedia.media",
    "pk": 207,
    "fields": {
      "created": "2020-06-16T02:22:56.406Z",
      "modified": "2020-06-16T20:41:36.958Z",
      "status": "active",
      "name": "Custom Coping Strategy",
      "description": "This graphic is sought by name and is required in the system",
      "transcript": "",
      "tips": "",
      "completion_time": null,
      "duration": null,
      "file_type": "graphic",
      "transcode_status": "new",
      "order": 0,
      "file_field": "BeautifulImages2x.jpg",
      "file_field_original_name": "",
      "subtitle_file": "",
      "poster": "",
      "thumbnail": "",
      "fpm4_transcode": "",
      "mp4_transcode": "",
      "mp3_transcode": "",
      "hls_playlist": "",
      "dash_playlist": ""
    }
  },
  {
    "model": "awsmedia.media",
    "pk": 208,
    "fields": {
      "created": "2020-08-24T21:47:45.945Z",
      "modified": "2020-09-02T00:03:13.158Z",
      "status": "active",
      "name": "Ashley - Difficult Moments",
      "description": "",
      "transcript": "",
      "tips": "",
      "completion_time": null,
      "duration": null,
      "file_type": "video",
      "transcode_status": "completed",
      "order": 0,
      "file_field": "Ashley_-_ICM_-_CS_-_Getting_Thorugh_Difficult_Moments.mp4",
      "file_field_original_name": "Ashley_-_ICM_-_CS_-_Getting_Thorugh_Difficult_Moments.mp4",
      "subtitle_file": "",
      "poster": "",
      "thumbnail": "",
      "fpm4_transcode": "Ashley_-_ICM_-_CS_-_Getting_Thorugh_Difficult_Moments//index.mpd",
      "mp4_transcode": "Ashley_-_ICM_-_CS_-_Getting_Thorugh_Difficult_Moments//kiosk_720p_Ashley_-_ICM_-_CS_-_Getting_Thorugh_Difficult_Moments.mp4",
      "mp3_transcode": "",
      "hls_playlist": "Ashley_-_ICM_-_CS_-_Getting_Thorugh_Difficult_Moments//index.m3u8",
      "dash_playlist": "Ashley_-_ICM_-_CS_-_Getting_Thorugh_Difficult_Moments//index.mpd"
    }
  },
  {
    "model": "awsmedia.media",
    "pk": 209,
    "fields": {
      "created": "2020-08-25T16:16:37.409Z",
      "modified": "2020-10-09T18:39:17.293Z",
      "status": "active",
      "name": "Riley - Crisis Lines",
      "description": "",
      "transcript": "",
      "tips": "",
      "completion_time": null,
      "duration": null,
      "file_type": "video",
      "transcode_status": "completed",
      "order": 0,
      "file_field": "Riley_-_ICM_-_Crisis_Line_Shared_Story.mp4",
      "file_field_original_name": "Riley_-_ICM_-_Crisis_Line_Shared_Story.mp4",
      "subtitle_file": "",
      "poster": "riley_-_crisis_lines_poster_compressed.jpg",
      "thumbnail": "",
      "fpm4_transcode": "Riley_-_ICM_-_Crisis_Line_Shared_Story//index.mpd",
      "mp4_transcode": "Riley_-_ICM_-_Crisis_Line_Shared_Story//kiosk_720p_Riley_-_ICM_-_Crisis_Line_Shared_Story.mp4",
      "mp3_transcode": "",
      "hls_playlist": "Riley_-_ICM_-_Crisis_Line_Shared_Story//index.m3u8",
      "dash_playlist": "Riley_-_ICM_-_Crisis_Line_Shared_Story//index.mpd"
    }
  },
  {
    "model": "awsmedia.media",
    "pk": 210,
    "fields": {
      "created": "2020-08-25T16:20:11.475Z",
      "modified": "2020-09-02T00:03:13.477Z",
      "status": "active",
      "name": "Thai - Difficult Moments",
      "description": "",
      "transcript": "",
      "tips": "",
      "completion_time": null,
      "duration": null,
      "file_type": "video",
      "transcode_status": "completed",
      "order": 0,
      "file_field": "Thai_-_ICM_-_CS_-_Getting_Through_Difficult_Moments.mp4",
      "file_field_original_name": "Thai_-_ICM_-_CS_-_Getting_Through_Difficult_Moments.mp4",
      "subtitle_file": "",
      "poster": "",
      "thumbnail": "",
      "fpm4_transcode": "Thai_-_ICM_-_CS_-_Getting_Through_Difficult_Moments//index.mpd",
      "mp4_transcode": "Thai_-_ICM_-_CS_-_Getting_Through_Difficult_Moments//kiosk_720p_Thai_-_ICM_-_CS_-_Getting_Through_Difficult_Moments.mp4",
      "mp3_transcode": "",
      "hls_playlist": "Thai_-_ICM_-_CS_-_Getting_Through_Difficult_Moments//index.m3u8",
      "dash_playlist": "Thai_-_ICM_-_CS_-_Getting_Through_Difficult_Moments//index.mpd"
    }
  },
  {
    "model": "awsmedia.media",
    "pk": 211,
    "fields": {
      "created": "2020-08-25T16:24:37.891Z",
      "modified": "2020-09-02T00:03:13.640Z",
      "status": "active",
      "name": "Ashley - When I'm in Distress",
      "description": "",
      "transcript": "",
      "tips": "",
      "completion_time": null,
      "duration": null,
      "file_type": "video",
      "transcode_status": "completed",
      "order": 0,
      "file_field": "Ashley_-_ICM_-_CS_-_When_Im_in_Distress.mp4",
      "file_field_original_name": "Ashley_-_ICM_-_CS_-_When_Im_in_Distress.mp4",
      "subtitle_file": "",
      "poster": "",
      "thumbnail": "",
      "fpm4_transcode": "Ashley_-_ICM_-_CS_-_When_Im_in_Distress//index.mpd",
      "mp4_transcode": "Ashley_-_ICM_-_CS_-_When_Im_in_Distress//kiosk_720p_Ashley_-_ICM_-_CS_-_When_Im_in_Distress.mp4",
      "mp3_transcode": "",
      "hls_playlist": "Ashley_-_ICM_-_CS_-_When_Im_in_Distress//index.m3u8",
      "dash_playlist": "Ashley_-_ICM_-_CS_-_When_Im_in_Distress//index.mpd"
    }
  },
  {
    "model": "awsmedia.media",
    "pk": 212,
    "fields": {
      "created": "2020-08-25T16:32:42.407Z",
      "modified": "2020-09-02T00:03:13.799Z",
      "status": "active",
      "name": "Tiffany - When I'm in Distress",
      "description": "",
      "transcript": "",
      "tips": "",
      "completion_time": null,
      "duration": null,
      "file_type": "video",
      "transcode_status": "completed",
      "order": 0,
      "file_field": "Tiffany_-_ICM_-_CS_-_When_Im_in_Distress_v2.mp4",
      "file_field_original_name": "Tiffany_-_ICM_-_CS_-_When_Im_in_Distress_v2.mp4",
      "subtitle_file": "",
      "poster": "",
      "thumbnail": "",
      "fpm4_transcode": "Tiffany_-_ICM_-_CS_-_When_Im_in_Distress_v2//index.mpd",
      "mp4_transcode": "Tiffany_-_ICM_-_CS_-_When_Im_in_Distress_v2//kiosk_720p_Tiffany_-_ICM_-_CS_-_When_Im_in_Distress_v2.mp4",
      "mp3_transcode": "",
      "hls_playlist": "Tiffany_-_ICM_-_CS_-_When_Im_in_Distress_v2//index.m3u8",
      "dash_playlist": "Tiffany_-_ICM_-_CS_-_When_Im_in_Distress_v2//index.mpd"
    }
  },
  {
    "model": "awsmedia.media",
    "pk": 213,
    "fields": {
      "created": "2020-08-25T16:37:09.021Z",
      "modified": "2020-12-22T22:03:06.356Z",
      "status": "active",
      "name": "Kelechi - When I'm in Distress",
      "description": "",
      "transcript": "",
      "tips": "",
      "completion_time": null,
      "duration": null,
      "file_type": "video",
      "transcode_status": "completed",
      "order": 0,
      "file_field": "Kelechi_-_ICM_-_CS_-_When_Im_in_Distress.mp4",
      "file_field_original_name": "Kelechi_-_ICM_-_CS_-_When_Im_in_Distress.mp4",
      "subtitle_file": "Kelechi_-_ICM_-_CS_-_When_Im_in_Distress_Confidential-4c038863d85628d09373128878c969f1.srt",
      "poster": "",
      "thumbnail": "",
      "fpm4_transcode": "Kelechi_-_ICM_-_CS_-_When_Im_in_Distress//index.mpd",
      "mp4_transcode": "Kelechi_-_ICM_-_CS_-_When_Im_in_Distress//kiosk_720p_Kelechi_-_ICM_-_CS_-_When_Im_in_Distress.mp4",
      "mp3_transcode": "",
      "hls_playlist": "Kelechi_-_ICM_-_CS_-_When_Im_in_Distress//index.m3u8",
      "dash_playlist": "Kelechi_-_ICM_-_CS_-_When_Im_in_Distress//index.mpd"
    }
  },
  {
    "model": "awsmedia.media",
    "pk": 214,
    "fields": {
      "created": "2020-08-25T16:45:23.809Z",
      "modified": "2020-09-02T00:03:14.081Z",
      "status": "active",
      "name": "Bryce - Comforting Myself Now",
      "description": "",
      "transcript": "",
      "tips": "",
      "completion_time": null,
      "duration": null,
      "file_type": "video",
      "transcode_status": "completed",
      "order": 0,
      "file_field": "Bryce_-_ICM_-CS_-_Comforting_Myself_Now.mp4",
      "file_field_original_name": "Bryce_-_ICM_-CS_-_Comforting_Myself_Now.mp4",
      "subtitle_file": "",
      "poster": "",
      "thumbnail": "",
      "fpm4_transcode": "Bryce_-_ICM_-CS_-_Comforting_Myself_Now//index.mpd",
      "mp4_transcode": "Bryce_-_ICM_-CS_-_Comforting_Myself_Now//kiosk_720p_Bryce_-_ICM_-CS_-_Comforting_Myself_Now.mp4",
      "mp3_transcode": "",
      "hls_playlist": "Bryce_-_ICM_-CS_-_Comforting_Myself_Now//index.m3u8",
      "dash_playlist": "Bryce_-_ICM_-CS_-_Comforting_Myself_Now//index.mpd"
    }
  },
  {
    "model": "awsmedia.media",
    "pk": 215,
    "fields": {
      "created": "2020-08-25T16:49:26.988Z",
      "modified": "2020-09-02T00:03:14.282Z",
      "status": "active",
      "name": "Kelechi - How I Stay Safe",
      "description": "",
      "transcript": "",
      "tips": "",
      "completion_time": null,
      "duration": null,
      "file_type": "video",
      "transcode_status": "completed",
      "order": 0,
      "file_field": "Kelechi_-_ICM_-_CS_-_How_Stay_Safe.mp4",
      "file_field_original_name": "Kelechi_-_ICM_-_CS_-_How_Stay_Safe.mp4",
      "subtitle_file": "",
      "poster": "",
      "thumbnail": "",
      "fpm4_transcode": "Kelechi_-_ICM_-_CS_-_How_Stay_Safe//index.mpd",
      "mp4_transcode": "Kelechi_-_ICM_-_CS_-_How_Stay_Safe//kiosk_720p_Kelechi_-_ICM_-_CS_-_How_Stay_Safe.mp4",
      "mp3_transcode": "",
      "hls_playlist": "Kelechi_-_ICM_-_CS_-_How_Stay_Safe//index.m3u8",
      "dash_playlist": "Kelechi_-_ICM_-_CS_-_How_Stay_Safe//index.mpd"
    }
  },
  {
    "model": "awsmedia.media",
    "pk": 216,
    "fields": {
      "created": "2020-08-25T16:51:33.831Z",
      "modified": "2020-09-02T00:03:14.433Z",
      "status": "active",
      "name": "Ashley - I've Struggled Too",
      "description": "",
      "transcript": "",
      "tips": "",
      "completion_time": null,
      "duration": null,
      "file_type": "video",
      "transcode_status": "completed",
      "order": 0,
      "file_field": "Ashley_-_ICM_-_CS_-_Ive_Struggled_Too.mp4",
      "file_field_original_name": "Ashley_-_ICM_-_CS_-_Ive_Struggled_Too.mp4",
      "subtitle_file": "",
      "poster": "",
      "thumbnail": "",
      "fpm4_transcode": "Ashley_-_ICM_-_CS_-_Ive_Struggled_Too//index.mpd",
      "mp4_transcode": "Ashley_-_ICM_-_CS_-_Ive_Struggled_Too//kiosk_720p_Ashley_-_ICM_-_CS_-_Ive_Struggled_Too.mp4",
      "mp3_transcode": "",
      "hls_playlist": "Ashley_-_ICM_-_CS_-_Ive_Struggled_Too//index.m3u8",
      "dash_playlist": "Ashley_-_ICM_-_CS_-_Ive_Struggled_Too//index.mpd"
    }
  },
  {
    "model": "awsmedia.media",
    "pk": 217,
    "fields": {
      "created": "2020-08-25T16:53:12.029Z",
      "modified": "2020-09-02T00:03:14.586Z",
      "status": "active",
      "name": "Thai - How I Stay Safe",
      "description": "",
      "transcript": "",
      "tips": "",
      "completion_time": null,
      "duration": null,
      "file_type": "video",
      "transcode_status": "completed",
      "order": 0,
      "file_field": "Thai_-_ICM_-_CS_-_How_I_Stay_Safe.mp4",
      "file_field_original_name": "Thai_-_ICM_-_CS_-_How_I_Stay_Safe.mp4",
      "subtitle_file": "",
      "poster": "",
      "thumbnail": "",
      "fpm4_transcode": "Thai_-_ICM_-_CS_-_How_I_Stay_Safe//index.mpd",
      "mp4_transcode": "Thai_-_ICM_-_CS_-_How_I_Stay_Safe//kiosk_720p_Thai_-_ICM_-_CS_-_How_I_Stay_Safe.mp4",
      "mp3_transcode": "",
      "hls_playlist": "Thai_-_ICM_-_CS_-_How_I_Stay_Safe//index.m3u8",
      "dash_playlist": "Thai_-_ICM_-_CS_-_How_I_Stay_Safe//index.mpd"
    }
  },
  {
    "model": "awsmedia.media",
    "pk": 218,
    "fields": {
      "created": "2020-08-25T16:56:50.558Z",
      "modified": "2020-09-02T00:03:14.748Z",
      "status": "active",
      "name": "Ashley - Helping Myself Today",
      "description": "",
      "transcript": "",
      "tips": "",
      "completion_time": null,
      "duration": null,
      "file_type": "video",
      "transcode_status": "completed",
      "order": 0,
      "file_field": "Ashley_-_ICM_-_CS_-_Helping_Myself_Today.mp4",
      "file_field_original_name": "Ashley_-_ICM_-_CS_-_Helping_Myself_Today.mp4",
      "subtitle_file": "",
      "poster": "",
      "thumbnail": "",
      "fpm4_transcode": "Ashley_-_ICM_-_CS_-_Helping_Myself_Today//index.mpd",
      "mp4_transcode": "Ashley_-_ICM_-_CS_-_Helping_Myself_Today//kiosk_720p_Ashley_-_ICM_-_CS_-_Helping_Myself_Today.mp4",
      "mp3_transcode": "",
      "hls_playlist": "Ashley_-_ICM_-_CS_-_Helping_Myself_Today//index.m3u8",
      "dash_playlist": "Ashley_-_ICM_-_CS_-_Helping_Myself_Today//index.mpd"
    }
  },
  {
    "model": "awsmedia.media",
    "pk": 219,
    "fields": {
      "created": "2020-08-25T16:59:56.278Z",
      "modified": "2020-09-02T00:03:14.968Z",
      "status": "active",
      "name": "Bryce - Helping Myself Today",
      "description": "",
      "transcript": "",
      "tips": "",
      "completion_time": null,
      "duration": null,
      "file_type": "video",
      "transcode_status": "completed",
      "order": 0,
      "file_field": "Bryce_-_ICM_-_CS_-_Helping_Myself_Today.mp4",
      "file_field_original_name": "Bryce_-_ICM_-_CS_-_Helping_Myself_Today.mp4",
      "subtitle_file": "",
      "poster": "",
      "thumbnail": "",
      "fpm4_transcode": "Bryce_-_ICM_-_CS_-_Helping_Myself_Today//index.mpd",
      "mp4_transcode": "Bryce_-_ICM_-_CS_-_Helping_Myself_Today//kiosk_720p_Bryce_-_ICM_-_CS_-_Helping_Myself_Today.mp4",
      "mp3_transcode": "",
      "hls_playlist": "Bryce_-_ICM_-_CS_-_Helping_Myself_Today//index.m3u8",
      "dash_playlist": "Bryce_-_ICM_-_CS_-_Helping_Myself_Today//index.mpd"
    }
  },
  {
    "model": "awsmedia.media",
    "pk": 220,
    "fields": {
      "created": "2020-08-25T17:02:48.804Z",
      "modified": "2020-09-02T00:03:15.107Z",
      "status": "active",
      "name": "Ashley - We Can Heal",
      "description": "",
      "transcript": "",
      "tips": "",
      "completion_time": null,
      "duration": null,
      "file_type": "video",
      "transcode_status": "completed",
      "order": 0,
      "file_field": "Ashley_-_ICM_-_CS_-_We_Can_Heal.mp4",
      "file_field_original_name": "Ashley_-_ICM_-_CS_-_We_Can_Heal.mp4",
      "subtitle_file": "",
      "poster": "",
      "thumbnail": "",
      "fpm4_transcode": "Ashley_-_ICM_-_CS_-_We_Can_Heal//index.mpd",
      "mp4_transcode": "Ashley_-_ICM_-_CS_-_We_Can_Heal//kiosk_720p_Ashley_-_ICM_-_CS_-_We_Can_Heal.mp4",
      "mp3_transcode": "",
      "hls_playlist": "Ashley_-_ICM_-_CS_-_We_Can_Heal//index.m3u8",
      "dash_playlist": "Ashley_-_ICM_-_CS_-_We_Can_Heal//index.mpd"
    }
  },
  {
    "model": "awsmedia.media",
    "pk": 221,
    "fields": {
      "created": "2020-08-25T17:07:07.820Z",
      "modified": "2020-09-02T00:03:15.260Z",
      "status": "active",
      "name": "Kelechi - We Can Heal",
      "description": "",
      "transcript": "",
      "tips": "",
      "completion_time": null,
      "duration": null,
      "file_type": "video",
      "transcode_status": "completed",
      "order": 0,
      "file_field": "Kelechi_-_ICM_-_CS_-_We_Can_Heal.mp4",
      "file_field_original_name": "Kelechi_-_ICM_-_CS_-_We_Can_Heal.mp4",
      "subtitle_file": "",
      "poster": "",
      "thumbnail": "",
      "fpm4_transcode": "Kelechi_-_ICM_-_CS_-_We_Can_Heal//index.mpd",
      "mp4_transcode": "Kelechi_-_ICM_-_CS_-_We_Can_Heal//kiosk_720p_Kelechi_-_ICM_-_CS_-_We_Can_Heal.mp4",
      "mp3_transcode": "",
      "hls_playlist": "Kelechi_-_ICM_-_CS_-_We_Can_Heal//index.m3u8",
      "dash_playlist": "Kelechi_-_ICM_-_CS_-_We_Can_Heal//index.mpd"
    }
  },
  {
    "model": "awsmedia.media",
    "pk": 222,
    "fields": {
      "created": "2020-08-25T17:12:11.947Z",
      "modified": "2020-09-02T00:03:15.413Z",
      "status": "active",
      "name": "Thai - My Supports",
      "description": "",
      "transcript": "",
      "tips": "",
      "completion_time": null,
      "duration": null,
      "file_type": "video",
      "transcode_status": "completed",
      "order": 0,
      "file_field": "Thai_-_ICM_-_CS_-_My_Supports.mp4",
      "file_field_original_name": "Thai_-_ICM_-_CS_-_My_Supports.mp4",
      "subtitle_file": "",
      "poster": "",
      "thumbnail": "",
      "fpm4_transcode": "Thai_-_ICM_-_CS_-_My_Supports//index.mpd",
      "mp4_transcode": "Thai_-_ICM_-_CS_-_My_Supports//kiosk_720p_Thai_-_ICM_-_CS_-_My_Supports.mp4",
      "mp3_transcode": "",
      "hls_playlist": "Thai_-_ICM_-_CS_-_My_Supports//index.m3u8",
      "dash_playlist": "Thai_-_ICM_-_CS_-_My_Supports//index.mpd"
    }
  },
  {
    "model": "awsmedia.media",
    "pk": 223,
    "fields": {
      "created": "2020-08-25T19:50:20.270Z",
      "modified": "2020-09-02T00:03:15.560Z",
      "status": "active",
      "name": "Bryce - My Supports",
      "description": "",
      "transcript": "",
      "tips": "",
      "completion_time": null,
      "duration": null,
      "file_type": "video",
      "transcode_status": "completed",
      "order": 0,
      "file_field": "Bryce_-_ICM_-_CS_-_My_Supports_v2.mp4",
      "file_field_original_name": "Bryce_-_ICM_-_CS_-_My_Supports_v2.mp4",
      "subtitle_file": "",
      "poster": "",
      "thumbnail": "",
      "fpm4_transcode": "Bryce_-_ICM_-_CS_-_My_Supports_v2//index.mpd",
      "mp4_transcode": "Bryce_-_ICM_-_CS_-_My_Supports_v2//kiosk_720p_Bryce_-_ICM_-_CS_-_My_Supports_v2.mp4",
      "mp3_transcode": "",
      "hls_playlist": "Bryce_-_ICM_-_CS_-_My_Supports_v2//index.m3u8",
      "dash_playlist": "Bryce_-_ICM_-_CS_-_My_Supports_v2//index.mpd"
    }
  },
  {
    "model": "awsmedia.media",
    "pk": 224,
    "fields": {
      "created": "2020-08-25T19:56:19.850Z",
      "modified": "2020-09-02T00:03:15.694Z",
      "status": "active",
      "name": "Kelechi - Reasons for Living",
      "description": "",
      "transcript": "",
      "tips": "",
      "completion_time": null,
      "duration": null,
      "file_type": "video",
      "transcode_status": "completed",
      "order": 0,
      "file_field": "Kelechi_-_ICM_-_Reasons_for_Living_-_Basic_5IH9ufD.mp4",
      "file_field_original_name": "Kelechi_-_ICM_-_Reasons_for_Living_-_Basic_5IH9ufD.mp4",
      "subtitle_file": "",
      "poster": "",
      "thumbnail": "",
      "fpm4_transcode": "Kelechi_-_ICM_-_Reasons_for_Living_-_Basic_5IH9ufD//index.mpd",
      "mp4_transcode": "Kelechi_-_ICM_-_Reasons_for_Living_-_Basic_5IH9ufD//kiosk_720p_Kelechi_-_ICM_-_Reasons_for_Living_-_Basic_5IH9ufD.mp4",
      "mp3_transcode": "",
      "hls_playlist": "Kelechi_-_ICM_-_Reasons_for_Living_-_Basic_5IH9ufD//index.m3u8",
      "dash_playlist": "Kelechi_-_ICM_-_Reasons_for_Living_-_Basic_5IH9ufD//index.mpd"
    }
  },
  {
    "model": "awsmedia.media",
    "pk": 225,
    "fields": {
      "created": "2020-08-25T20:02:29.271Z",
      "modified": "2020-09-02T00:03:15.886Z",
      "status": "active",
      "name": "Thai - Reasons for Living",
      "description": "",
      "transcript": "",
      "tips": "",
      "completion_time": null,
      "duration": null,
      "file_type": "video",
      "transcode_status": "completed",
      "order": 0,
      "file_field": "Thai_-_ICM_-_CS_-_Reasons_for_Living_Unscripted.mp4",
      "file_field_original_name": "Thai_-_ICM_-_CS_-_Reasons_for_Living_Unscripted.mp4",
      "subtitle_file": "",
      "poster": "",
      "thumbnail": "",
      "fpm4_transcode": "Thai_-_ICM_-_CS_-_Reasons_for_Living_Unscripted//index.mpd",
      "mp4_transcode": "Thai_-_ICM_-_CS_-_Reasons_for_Living_Unscripted//kiosk_720p_Thai_-_ICM_-_CS_-_Reasons_for_Living_Unscripted.mp4",
      "mp3_transcode": "",
      "hls_playlist": "Thai_-_ICM_-_CS_-_Reasons_for_Living_Unscripted//index.m3u8",
      "dash_playlist": "Thai_-_ICM_-_CS_-_Reasons_for_Living_Unscripted//index.mpd"
    }
  },
  {
    "model": "awsmedia.media",
    "pk": 226,
    "fields": {
      "created": "2020-08-25T20:07:08.073Z",
      "modified": "2020-09-02T00:03:16.024Z",
      "status": "active",
      "name": "Kelechi - Early Warning Signals",
      "description": "",
      "transcript": "",
      "tips": "",
      "completion_time": null,
      "duration": null,
      "file_type": "video",
      "transcode_status": "completed",
      "order": 0,
      "file_field": "Kelechi_-_ICM_-_CS_-_Early_Warning_Signs.mp4",
      "file_field_original_name": "Kelechi_-_ICM_-_CS_-_Early_Warning_Signs.mp4",
      "subtitle_file": "",
      "poster": "",
      "thumbnail": "",
      "fpm4_transcode": "Kelechi_-_ICM_-_CS_-_Early_Warning_Signs//index.mpd",
      "mp4_transcode": "Kelechi_-_ICM_-_CS_-_Early_Warning_Signs//kiosk_720p_Kelechi_-_ICM_-_CS_-_Early_Warning_Signs.mp4",
      "mp3_transcode": "",
      "hls_playlist": "Kelechi_-_ICM_-_CS_-_Early_Warning_Signs//index.m3u8",
      "dash_playlist": "Kelechi_-_ICM_-_CS_-_Early_Warning_Signs//index.mpd"
    }
  },
  {
    "model": "awsmedia.media",
    "pk": 227,
    "fields": {
      "created": "2020-08-25T20:10:08.473Z",
      "modified": "2020-09-02T00:03:16.161Z",
      "status": "active",
      "name": "Ashley - My Supports",
      "description": "",
      "transcript": "",
      "tips": "",
      "completion_time": null,
      "duration": null,
      "file_type": "video",
      "transcode_status": "completed",
      "order": 0,
      "file_field": "Ashley_-_ICM_-_CS_-_Things_I_Want_for_Myself.mp4",
      "file_field_original_name": "Ashley_-_ICM_-_CS_-_Things_I_Want_for_Myself.mp4",
      "subtitle_file": "",
      "poster": "",
      "thumbnail": "",
      "fpm4_transcode": "Ashley_-_ICM_-_CS_-_Things_I_Want_for_Myself//index.mpd",
      "mp4_transcode": "Ashley_-_ICM_-_CS_-_Things_I_Want_for_Myself//kiosk_720p_Ashley_-_ICM_-_CS_-_Things_I_Want_for_Myself.mp4",
      "mp3_transcode": "",
      "hls_playlist": "Ashley_-_ICM_-_CS_-_Things_I_Want_for_Myself//index.m3u8",
      "dash_playlist": "Ashley_-_ICM_-_CS_-_Things_I_Want_for_Myself//index.mpd"
    }
  },
  {
    "model": "awsmedia.media",
    "pk": 228,
    "fields": {
      "created": "2020-08-25T20:17:08.188Z",
      "modified": "2020-09-02T00:03:16.299Z",
      "status": "active",
      "name": "Topher - Early Warning Signals",
      "description": "",
      "transcript": "",
      "tips": "",
      "completion_time": null,
      "duration": null,
      "file_type": "video",
      "transcode_status": "completed",
      "order": 0,
      "file_field": "Topher_-_ICM_-_CS_-_Early_Warning_Signs.mp4",
      "file_field_original_name": "Topher_-_ICM_-_CS_-_Early_Warning_Signs.mp4",
      "subtitle_file": "",
      "poster": "",
      "thumbnail": "",
      "fpm4_transcode": "Topher_-_ICM_-_CS_-_Early_Warning_Signs//index.mpd",
      "mp4_transcode": "Topher_-_ICM_-_CS_-_Early_Warning_Signs//kiosk_720p_Topher_-_ICM_-_CS_-_Early_Warning_Signs.mp4",
      "mp3_transcode": "",
      "hls_playlist": "Topher_-_ICM_-_CS_-_Early_Warning_Signs//index.m3u8",
      "dash_playlist": "Topher_-_ICM_-_CS_-_Early_Warning_Signs//index.mpd"
    }
  },
  {
    "model": "awsmedia.media",
    "pk": 229,
    "fields": {
      "created": "2020-08-25T20:20:30.500Z",
      "modified": "2020-09-02T00:03:16.536Z",
      "status": "active",
      "name": "Thai - Early Warning Signals",
      "description": "",
      "transcript": "",
      "tips": "",
      "completion_time": null,
      "duration": null,
      "file_type": "video",
      "transcode_status": "completed",
      "order": 0,
      "file_field": "Thai_-_ICM_-_CS_-_Early_Warning_Signs.mp4",
      "file_field_original_name": "Thai_-_ICM_-_CS_-_Early_Warning_Signs.mp4",
      "subtitle_file": "",
      "poster": "",
      "thumbnail": "",
      "fpm4_transcode": "Thai_-_ICM_-_CS_-_Early_Warning_Signs//index.mpd",
      "mp4_transcode": "Thai_-_ICM_-_CS_-_Early_Warning_Signs//kiosk_720p_Thai_-_ICM_-_CS_-_Early_Warning_Signs.mp4",
      "mp3_transcode": "",
      "hls_playlist": "Thai_-_ICM_-_CS_-_Early_Warning_Signs//index.m3u8",
      "dash_playlist": "Thai_-_ICM_-_CS_-_Early_Warning_Signs//index.mpd"
    }
  },
  {
    "model": "awsmedia.media",
    "pk": 230,
    "fields": {
      "created": "2020-08-25T20:23:15.835Z",
      "modified": "2020-09-02T00:03:16.689Z",
      "status": "active",
      "name": "Tiffany - Early Warning Signals",
      "description": "",
      "transcript": "",
      "tips": "",
      "completion_time": null,
      "duration": null,
      "file_type": "video",
      "transcode_status": "completed",
      "order": 0,
      "file_field": "Tiffany_-_ICM_-_CS_-_Early_Warning_Signs.mp4",
      "file_field_original_name": "Tiffany_-_ICM_-_CS_-_Early_Warning_Signs.mp4",
      "subtitle_file": "",
      "poster": "",
      "thumbnail": "",
      "fpm4_transcode": "Tiffany_-_ICM_-_CS_-_Early_Warning_Signs//index.mpd",
      "mp4_transcode": "Tiffany_-_ICM_-_CS_-_Early_Warning_Signs//kiosk_720p_Tiffany_-_ICM_-_CS_-_Early_Warning_Signs.mp4",
      "mp3_transcode": "",
      "hls_playlist": "Tiffany_-_ICM_-_CS_-_Early_Warning_Signs//index.m3u8",
      "dash_playlist": "Tiffany_-_ICM_-_CS_-_Early_Warning_Signs//index.mpd"
    }
  },
  {
    "model": "awsmedia.media",
    "pk": 231,
    "fields": {
      "created": "2020-08-25T20:26:05.981Z",
      "modified": "2020-09-02T00:03:16.844Z",
      "status": "active",
      "name": "Ashley - Early Warning Signals",
      "description": "",
      "transcript": "",
      "tips": "",
      "completion_time": null,
      "duration": null,
      "file_type": "video",
      "transcode_status": "completed",
      "order": 0,
      "file_field": "Ashley_-_ICM_-_CS_-_Early_Warning_Signals.mp4",
      "file_field_original_name": "Ashley_-_ICM_-_CS_-_Early_Warning_Signals.mp4",
      "subtitle_file": "",
      "poster": "",
      "thumbnail": "",
      "fpm4_transcode": "Ashley_-_ICM_-_CS_-_Early_Warning_Signals//index.mpd",
      "mp4_transcode": "Ashley_-_ICM_-_CS_-_Early_Warning_Signals//kiosk_720p_Ashley_-_ICM_-_CS_-_Early_Warning_Signals.mp4",
      "mp3_transcode": "",
      "hls_playlist": "Ashley_-_ICM_-_CS_-_Early_Warning_Signals//index.m3u8",
      "dash_playlist": "Ashley_-_ICM_-_CS_-_Early_Warning_Signals//index.mpd"
    }
  },
  {
    "model": "awsmedia.media",
    "pk": 232,
    "fields": {
      "created": "2020-08-25T20:28:35.983Z",
      "modified": "2020-09-02T00:03:16.977Z",
      "status": "active",
      "name": "Kelechi - Creating a Life Worth Living",
      "description": "",
      "transcript": "",
      "tips": "",
      "completion_time": null,
      "duration": null,
      "file_type": "video",
      "transcode_status": "completed",
      "order": 0,
      "file_field": "Kelechi_-_ICM_-_CS_-_Creating_a_Life_Worth_Living.mp4",
      "file_field_original_name": "Kelechi_-_ICM_-_CS_-_Creating_a_Life_Worth_Living.mp4",
      "subtitle_file": "",
      "poster": "",
      "thumbnail": "",
      "fpm4_transcode": "Kelechi_-_ICM_-_CS_-_Creating_a_Life_Worth_Living//index.mpd",
      "mp4_transcode": "Kelechi_-_ICM_-_CS_-_Creating_a_Life_Worth_Living//kiosk_720p_Kelechi_-_ICM_-_CS_-_Creating_a_Life_Worth_Living.mp4",
      "mp3_transcode": "",
      "hls_playlist": "Kelechi_-_ICM_-_CS_-_Creating_a_Life_Worth_Living//index.m3u8",
      "dash_playlist": "Kelechi_-_ICM_-_CS_-_Creating_a_Life_Worth_Living//index.mpd"
    }
  },
  {
    "model": "awsmedia.media",
    "pk": 233,
    "fields": {
      "created": "2020-08-25T20:31:14.477Z",
      "modified": "2020-12-22T21:18:36.042Z",
      "status": "active",
      "name": "Ashley - Creating a Life Worth Living",
      "description": "",
      "transcript": "",
      "tips": "",
      "completion_time": null,
      "duration": null,
      "file_type": "video",
      "transcode_status": "completed",
      "order": 0,
      "file_field": "Ashley_-_ICM_-_CS_-_Creating_a_Life_Worth_Living.mp4",
      "file_field_original_name": "Ashley_-_ICM_-_CS_-_Creating_a_Life_Worth_Living.mp4",
      "subtitle_file": "Ashley_-_ICM_-_CS_-_Creating_a_Life_Worth_Living_Confidential-54a7ddd3527b49a05c6b35d74ddb9c16.srt",
      "poster": "",
      "thumbnail": "",
      "fpm4_transcode": "Ashley_-_ICM_-_CS_-_Creating_a_Life_Worth_Living//index.mpd",
      "mp4_transcode": "Ashley_-_ICM_-_CS_-_Creating_a_Life_Worth_Living//kiosk_720p_Ashley_-_ICM_-_CS_-_Creating_a_Life_Worth_Living.mp4",
      "mp3_transcode": "",
      "hls_playlist": "Ashley_-_ICM_-_CS_-_Creating_a_Life_Worth_Living//index.m3u8",
      "dash_playlist": "Ashley_-_ICM_-_CS_-_Creating_a_Life_Worth_Living//index.mpd"
    }
  },
  {
    "model": "awsmedia.media",
    "pk": 234,
    "fields": {
      "created": "2020-08-25T20:33:51.117Z",
      "modified": "2020-09-02T00:03:17.270Z",
      "status": "active",
      "name": "Thai - Creating a Life Worth Living",
      "description": "",
      "transcript": "",
      "tips": "",
      "completion_time": null,
      "duration": null,
      "file_type": "video",
      "transcode_status": "completed",
      "order": 0,
      "file_field": "Thai_-_ICM_-_CS_-_Creating_a_Life_Worth_Living.mp4",
      "file_field_original_name": "Thai_-_ICM_-_CS_-_Creating_a_Life_Worth_Living.mp4",
      "subtitle_file": "",
      "poster": "",
      "thumbnail": "",
      "fpm4_transcode": "Thai_-_ICM_-_CS_-_Creating_a_Life_Worth_Living//index.mpd",
      "mp4_transcode": "Thai_-_ICM_-_CS_-_Creating_a_Life_Worth_Living//kiosk_720p_Thai_-_ICM_-_CS_-_Creating_a_Life_Worth_Living.mp4",
      "mp3_transcode": "",
      "hls_playlist": "Thai_-_ICM_-_CS_-_Creating_a_Life_Worth_Living//index.m3u8",
      "dash_playlist": "Thai_-_ICM_-_CS_-_Creating_a_Life_Worth_Living//index.mpd"
    }
  },
  {
    "model": "awsmedia.media",
    "pk": 235,
    "fields": {
      "created": "2020-08-25T20:37:01.952Z",
      "modified": "2020-09-02T00:03:17.411Z",
      "status": "active",
      "name": "Bryce - Creating a Life Worth Living",
      "description": "",
      "transcript": "",
      "tips": "",
      "completion_time": null,
      "duration": null,
      "file_type": "video",
      "transcode_status": "completed",
      "order": 0,
      "file_field": "Bryce_-_ICM_-_CS_-_Creating_a_Life_Worth_Living.mp4",
      "file_field_original_name": "Bryce_-_ICM_-_CS_-_Creating_a_Life_Worth_Living.mp4",
      "subtitle_file": "",
      "poster": "",
      "thumbnail": "",
      "fpm4_transcode": "Bryce_-_ICM_-_CS_-_Creating_a_Life_Worth_Living//index.mpd",
      "mp4_transcode": "Bryce_-_ICM_-_CS_-_Creating_a_Life_Worth_Living//kiosk_720p_Bryce_-_ICM_-_CS_-_Creating_a_Life_Worth_Living.mp4",
      "mp3_transcode": "",
      "hls_playlist": "Bryce_-_ICM_-_CS_-_Creating_a_Life_Worth_Living//index.m3u8",
      "dash_playlist": "Bryce_-_ICM_-_CS_-_Creating_a_Life_Worth_Living//index.mpd"
    }
  },
  {
    "model": "awsmedia.media",
    "pk": 236,
    "fields": {
      "created": "2020-08-25T20:41:45.632Z",
      "modified": "2020-09-02T00:03:17.549Z",
      "status": "active",
      "name": "Bryce - Things I Want for Myself",
      "description": "",
      "transcript": "",
      "tips": "",
      "completion_time": null,
      "duration": null,
      "file_type": "video",
      "transcode_status": "completed",
      "order": 0,
      "file_field": "Bryce_-_ICM_-_CS_-_Things_I_Want_for_Myself.mp4",
      "file_field_original_name": "Bryce_-_ICM_-_CS_-_Things_I_Want_for_Myself.mp4",
      "subtitle_file": "",
      "poster": "",
      "thumbnail": "",
      "fpm4_transcode": "Bryce_-_ICM_-_CS_-_Things_I_Want_for_Myself//index.mpd",
      "mp4_transcode": "Bryce_-_ICM_-_CS_-_Things_I_Want_for_Myself//kiosk_720p_Bryce_-_ICM_-_CS_-_Things_I_Want_for_Myself.mp4",
      "mp3_transcode": "",
      "hls_playlist": "Bryce_-_ICM_-_CS_-_Things_I_Want_for_Myself//index.m3u8",
      "dash_playlist": "Bryce_-_ICM_-_CS_-_Things_I_Want_for_Myself//index.mpd"
    }
  },
  {
    "model": "awsmedia.media",
    "pk": 237,
    "fields": {
      "created": "2021-08-10T16:42:50.330Z",
      "modified": "2021-08-10T16:48:34.444Z",
      "status": "active",
      "name": "Crisis Stability Plan",
      "description": "",
      "transcript": "",
      "tips": "",
      "completion_time": null,
      "duration": null,
      "file_type": "video",
      "transcode_status": "completed",
      "order": 0,
      "file_field": "Crisis_Stability_Plan_-_Jaspr_Health-d516889d75fd23f91f3e7f53ebeb4e26.mp4",
      "file_field_original_name": "Crisis_Stability_Plan_-_Jaspr_Health-d516889d75fd23f91f3e7f53ebeb4e26.mp4",
      "subtitle_file": "",
      "poster": "",
      "thumbnail": "",
      "fpm4_transcode": "Crisis_Stability_Plan_-_Jaspr_Health-d516889d75fd23f91f3e7f53ebeb4e26//index.mpd",
      "mp4_transcode": "Crisis_Stability_Plan_-_Jaspr_Health-d516889d75fd23f91f3e7f53ebeb4e26//kiosk_720p_Crisis_Stability_Plan_-_Jaspr_Health-d516889d75fd23f91f3e7f53ebeb4e26.mp4",
      "mp3_transcode": "",
      "hls_playlist": "Crisis_Stability_Plan_-_Jaspr_Health-d516889d75fd23f91f3e7f53ebeb4e26//index.m3u8",
      "dash_playlist": "Crisis_Stability_Plan_-_Jaspr_Health-d516889d75fd23f91f3e7f53ebeb4e26//index.mpd"
    }
  },
  {
    "model": "awsmedia.privacyscreenimage",
    "pk": 1,
    "fields": {
      "created": "2019-06-28T00:20:21.733Z",
      "modified": "2019-09-11T00:08:27.632Z",
      "status": "active",
      "image": "Wave3x.png"
    }
  },
  {
    "model": "awsmedia.privacyscreenimage",
    "pk": 2,
    "fields": {
      "created": "2019-07-16T19:50:07.131Z",
      "modified": "2019-09-11T00:08:17.114Z",
      "status": "active",
      "image": "Berries3x_1.png"
    }
  },
  {
    "model": "awsmedia.privacyscreenimage",
    "pk": 3,
    "fields": {
      "created": "2019-07-16T20:03:38.301Z",
      "modified": "2019-09-11T00:08:04.989Z",
      "status": "active",
      "image": "Book3x_1.png"
    }
  },
  {
    "model": "awsmedia.privacyscreenimage",
    "pk": 4,
    "fields": {
      "created": "2019-07-16T20:03:46.356Z",
      "modified": "2019-09-11T00:07:44.556Z",
      "status": "active",
      "image": "Dog3x_1.png"
    }
  },
  {
    "model": "awsmedia.privacyscreenimage",
    "pk": 5,
    "fields": {
      "created": "2019-07-16T20:03:52.999Z",
      "modified": "2019-09-11T00:07:32.760Z",
      "status": "active",
      "image": "Flower3x_1.png"
    }
  },
  {
    "model": "awsmedia.privacyscreenimage",
    "pk": 6,
    "fields": {
      "created": "2019-07-16T20:04:00.192Z",
      "modified": "2019-09-11T00:07:22.947Z",
      "status": "active",
      "image": "Grass3x_1.png"
    }
  },
  {
    "model": "awsmedia.privacyscreenimage",
    "pk": 7,
    "fields": {
      "created": "2019-07-16T20:04:08.312Z",
      "modified": "2019-09-11T00:07:09.298Z",
      "status": "active",
      "image": "Mountain3x_1.png"
    }
  },
  {
    "model": "awsmedia.privacyscreenimage",
    "pk": 8,
    "fields": {
      "created": "2019-07-16T20:04:16.797Z",
      "modified": "2019-09-11T00:06:58.267Z",
      "status": "active",
      "image": "Pineapple3x_1.png"
    }
  },
  {
    "model": "awsmedia.privacyscreenimage",
    "pk": 9,
    "fields": {
      "created": "2019-07-16T20:04:24.629Z",
      "modified": "2019-09-11T00:06:44.192Z",
      "status": "active",
      "image": "Planes3x_1.png"
    }
  },
  {
    "model": "awsmedia.privacyscreenimage",
    "pk": 10,
    "fields": {
      "created": "2019-07-16T20:04:31.874Z",
      "modified": "2019-09-11T00:06:32.883Z",
      "status": "active",
      "image": "Tile3x_1.png"
    }
  },
  {
    "model": "awsmedia.privacyscreenimage",
    "pk": 11,
    "fields": {
      "created": "2019-07-16T20:05:02.864Z",
      "modified": "2019-09-11T00:06:22.419Z",
      "status": "active",
      "image": "Violin3x_1.png"
    }
  },
  {
    "model": "awsmedia.privacyscreenimage",
    "pk": 12,
    "fields": {
      "created": "2019-07-16T20:06:23.204Z",
      "modified": "2019-09-11T00:06:11.779Z",
      "status": "active",
      "image": "Tea3x_1.png"
    }
  },
  {
    "model": "kiosk.activity",
    "pk": 2,
    "fields": {
      "created": "2019-06-12T00:54:09.827Z",
      "modified": "2020-06-15T18:27:59.511Z",
      "status": "active",
      "name": "Puppies",
      "video": 18,
      "main_page_image": "",
      "thumbnail_image": "puppies2x.jpg",
      "target_url": "",
      "label_color": "#442b1a",
      "order": 5
    }
  },
  {
    "model": "kiosk.activity",
    "pk": 3,
    "fields": {
      "created": "2019-06-12T00:55:42.587Z",
      "modified": "2020-06-15T18:27:45.937Z",
      "status": "active",
      "name": "Relaxing Music",
      "video": 165,
      "main_page_image": "",
      "thumbnail_image": "relaxingMusic2x.jpg",
      "target_url": "",
      "label_color": "#1f5a87",
      "order": 4
    }
  },
  {
    "model": "kiosk.activity",
    "pk": 4,
    "fields": {
      "created": "2019-06-12T00:58:52.815Z",
      "modified": "2020-06-03T18:59:41.039Z",
      "status": "active",
      "name": "Crackling Fireplace",
      "video": 17,
      "main_page_image": "",
      "thumbnail_image": "fireplace2x.jpg",
      "target_url": "",
      "label_color": "#ae4a2e",
      "order": 3
    }
  },
  {
    "model": "kiosk.activity",
    "pk": 5,
    "fields": {
      "created": "2019-06-12T00:59:21.363Z",
      "modified": "2020-06-15T18:27:05.841Z",
      "status": "active",
      "name": "Ocean Life",
      "video": 16,
      "main_page_image": "",
      "thumbnail_image": "aquarium2x.jpg",
      "target_url": "",
      "label_color": "#3b480d",
      "order": 0
    }
  },
  {
    "model": "kiosk.activity",
    "pk": 6,
    "fields": {
      "created": "2019-06-12T01:00:07.076Z",
      "modified": "2020-06-15T18:27:34.675Z",
      "status": "active",
      "name": "Good Vibes Music",
      "video": 166,
      "main_page_image": "",
      "thumbnail_image": "goodVibes2x.jpg",
      "target_url": "",
      "label_color": "#262121",
      "order": 2
    }
  },
  {
    "model": "kiosk.activity",
    "pk": 7,
    "fields": {
      "created": "2019-06-12T01:02:29.630Z",
      "modified": "2020-06-15T18:27:19.863Z",
      "status": "active",
      "name": "Paced Breathing",
      "video": null,
      "main_page_image": "",
      "thumbnail_image": "pacedBreathing2x.jpg",
      "target_url": "/breathe",
      "label_color": "#3c3431",
      "order": 1
    }
  },
  {
    "model": "kiosk.activity",
    "pk": 8,
    "fields": {
      "created": "2019-06-25T16:28:26.678Z",
      "modified": "2020-06-15T18:28:57.389Z",
      "status": "active",
      "name": "Distract: Name Things",
      "video": 24,
      "main_page_image": "",
      "thumbnail_image": "Distract-_Name_Things2x.jpg",
      "target_url": "",
      "label_color": "#214d46",
      "order": 7
    }
  },
  {
    "model": "kiosk.activity",
    "pk": 9,
    "fields": {
      "created": "2019-06-25T16:30:14.811Z",
      "modified": "2020-06-15T18:28:48.468Z",
      "status": "active",
      "name": "Distract: Survey the Room",
      "video": 23,
      "main_page_image": "",
      "thumbnail_image": "Distract-_Survey_the_Room2x.jpg",
      "target_url": "",
      "label_color": "#262121",
      "order": 6
    }
  },
  {
    "model": "kiosk.activity",
    "pk": 10,
    "fields": {
      "created": "2019-06-25T16:32:30.761Z",
      "modified": "2020-06-15T21:04:07.953Z",
      "status": "active",
      "name": "Getting Through Hardest Moments - Topher",
      "video": 28,
      "main_page_image": "",
      "thumbnail_image": "gettingThroughHardestMomentsSkillfully2x.jpg",
      "target_url": "",
      "label_color": "#2e3137",
      "order": 11
    }
  },
  {
    "model": "kiosk.activity",
    "pk": 11,
    "fields": {
      "created": "2019-06-25T16:33:56.315Z",
      "modified": "2020-06-15T18:29:10.946Z",
      "status": "active",
      "name": "Inside Outside for Difficult Moments",
      "video": 25,
      "main_page_image": "",
      "thumbnail_image": "insideOutsideForDifficultMoments2x.jpg",
      "target_url": "",
      "label_color": "#ab0000",
      "order": 8
    }
  },
  {
    "model": "kiosk.activity",
    "pk": 12,
    "fields": {
      "created": "2019-06-25T16:36:04.028Z",
      "modified": "2020-06-15T20:09:46.672Z",
      "status": "active",
      "name": "Leaning on People You Trust",
      "video": 27,
      "main_page_image": "",
      "thumbnail_image": "leaningOnPeopleYouTrust2x.jpg",
      "target_url": "",
      "label_color": "#7e6663",
      "order": 10
    }
  },
  {
    "model": "kiosk.activity",
    "pk": 13,
    "fields": {
      "created": "2019-06-25T16:37:30.192Z",
      "modified": "2020-06-15T21:10:49.296Z",
      "status": "active",
      "name": "Mindfulness of Current Emotion",
      "video": 39,
      "main_page_image": "",
      "thumbnail_image": "mindfulnessOfCurrentEmotion_thumbnail2x.jpg",
      "target_url": "",
      "label_color": "#527689",
      "order": 25
    }
  },
  {
    "model": "kiosk.activity",
    "pk": 14,
    "fields": {
      "created": "2019-06-26T22:25:14.519Z",
      "modified": "2020-06-15T20:09:14.653Z",
      "status": "active",
      "name": "Mindfulness of the Senses for Distress",
      "video": 26,
      "main_page_image": "",
      "thumbnail_image": "mindfulnessOfTheSensesOfDistress2x.jpg",
      "target_url": "",
      "label_color": "#7200da",
      "order": 9
    }
  },
  {
    "model": "kiosk.activity",
    "pk": 15,
    "fields": {
      "created": "2019-06-26T22:27:20.325Z",
      "modified": "2020-06-15T21:09:09.063Z",
      "status": "active",
      "name": "Mindfulness Part 2: Observe",
      "video": 32,
      "main_page_image": "",
      "thumbnail_image": "mindfulness.observe2.82x.jpg",
      "target_url": "",
      "label_color": "#195d6f",
      "order": 18
    }
  },
  {
    "model": "kiosk.activity",
    "pk": 16,
    "fields": {
      "created": "2019-06-26T22:28:33.645Z",
      "modified": "2020-06-15T21:09:27.672Z",
      "status": "active",
      "name": "Mindfulness Part 3: Describe",
      "video": 33,
      "main_page_image": "",
      "thumbnail_image": "mindfulness-3of82x.jpg",
      "target_url": "",
      "label_color": "#032e34",
      "order": 19
    }
  },
  {
    "model": "kiosk.activity",
    "pk": 17,
    "fields": {
      "created": "2019-06-26T22:29:55.258Z",
      "modified": "2020-06-15T21:09:50.546Z",
      "status": "active",
      "name": "Mindfulness Part 5: Effectiveness",
      "video": 35,
      "main_page_image": "",
      "thumbnail_image": "mindfulness.effectiveness5.82x.jpg",
      "target_url": "",
      "label_color": "#1c1c1c",
      "order": 21
    }
  },
  {
    "model": "kiosk.activity",
    "pk": 18,
    "fields": {
      "created": "2019-06-26T22:30:59.953Z",
      "modified": "2020-06-15T21:10:02.794Z",
      "status": "active",
      "name": "Mindfulness Part 6: Nonjudgementally",
      "video": 36,
      "main_page_image": "",
      "thumbnail_image": "mindfulness.nonjudgementally6.82x.jpg",
      "target_url": "",
      "label_color": "#45344b",
      "order": 22
    }
  },
  {
    "model": "kiosk.activity",
    "pk": 19,
    "fields": {
      "created": "2019-06-26T22:32:16.916Z",
      "modified": "2020-06-15T21:10:20.708Z",
      "status": "active",
      "name": "Mindfulness Part 7: One-Mindfully",
      "video": 37,
      "main_page_image": "",
      "thumbnail_image": "minfulness.oneMindfully2x.jpg",
      "target_url": "",
      "label_color": "#002534",
      "order": 23
    }
  },
  {
    "model": "kiosk.activity",
    "pk": 20,
    "fields": {
      "created": "2019-06-27T21:29:24.652Z",
      "modified": "2020-06-15T21:09:37.369Z",
      "status": "active",
      "name": "Mindfulness Part 4: Participate",
      "video": 34,
      "main_page_image": "",
      "thumbnail_image": "mindfulness.participate4.82x.jpg",
      "target_url": "",
      "label_color": "#000000",
      "order": 20
    }
  },
  {
    "model": "kiosk.activity",
    "pk": 21,
    "fields": {
      "created": "2019-06-27T21:34:21.439Z",
      "modified": "2020-06-15T21:10:34.942Z",
      "status": "active",
      "name": "Mindfulness Part 8: Practice Together",
      "video": 38,
      "main_page_image": "",
      "thumbnail_image": "mindfulness.practiceTogether8.82x.jpg",
      "target_url": "",
      "label_color": "#5a4839",
      "order": 24
    }
  },
  {
    "model": "kiosk.activity",
    "pk": 22,
    "fields": {
      "created": "2019-07-02T16:48:53.785Z",
      "modified": "2020-06-15T21:06:54.916Z",
      "status": "active",
      "name": "Mindfulness Part 1: What and How",
      "video": 31,
      "main_page_image": "",
      "thumbnail_image": "mindfulness.whatAndHow2x.jpg",
      "target_url": "",
      "label_color": "#302220",
      "order": 17
    }
  },
  {
    "model": "kiosk.activity",
    "pk": 23,
    "fields": {
      "created": "2019-07-02T16:58:29.659Z",
      "modified": "2020-06-15T21:06:10.202Z",
      "status": "active",
      "name": "Opposite Action in Use",
      "video": 40,
      "main_page_image": "",
      "thumbnail_image": "oppositeActionInUse2x.jpg",
      "target_url": "",
      "label_color": "#2e1c0d",
      "order": 15
    }
  },
  {
    "model": "kiosk.activity",
    "pk": 24,
    "fields": {
      "created": "2019-07-02T17:14:47.548Z",
      "modified": "2020-06-15T21:05:55.605Z",
      "status": "active",
      "name": "Opposite Action: Changing Emotions",
      "video": 29,
      "main_page_image": "",
      "thumbnail_image": "hiEmmaTest1.jpg",
      "target_url": "",
      "label_color": "#374054",
      "order": 14
    }
  },
  {
    "model": "kiosk.activity",
    "pk": 25,
    "fields": {
      "created": "2019-07-02T17:17:30.085Z",
      "modified": "2020-06-15T21:06:21.947Z",
      "status": "active",
      "name": "Thought Replacement Skill",
      "video": 30,
      "main_page_image": "",
      "thumbnail_image": "thoughReplacementSkill2x.jpg",
      "target_url": "",
      "label_color": "#2a2a2a",
      "order": 16
    }
  },
  {
    "model": "kiosk.activity",
    "pk": 26,
    "fields": {
      "created": "2019-12-05T19:24:10.166Z",
      "modified": "2020-06-15T21:05:29.268Z",
      "status": "active",
      "name": "Getting Through Hardest Moments - Emmy",
      "video": 183,
      "main_page_image": "",
      "thumbnail_image": "gettingThroughHardest-Emmy2x.jpg",
      "target_url": "",
      "label_color": "#2c4069",
      "order": 13
    }
  },
  {
    "model": "kiosk.activity",
    "pk": 27,
    "fields": {
      "created": "2019-12-05T19:35:24.147Z",
      "modified": "2020-06-15T21:05:17.961Z",
      "status": "active",
      "name": "Getting Through Hardest Moments - Thai",
      "video": 184,
      "main_page_image": "gettingThroughHardest-Thai.png",
      "thumbnail_image": "gettingThroughHardest-Thai2x.jpg",
      "target_url": "",
      "label_color": "#363e36",
      "order": 12
    }
  },
  {
    "model": "kiosk.activity",
    "pk": 28,
    "fields": {
      "created": "2020-02-06T19:37:23.077Z",
      "modified": "2020-06-15T21:11:04.186Z",
      "status": "active",
      "name": "Loved Ones: You're Not Alone",
      "video": 188,
      "main_page_image": "",
      "thumbnail_image": "youNotAlone2x.jpg",
      "target_url": "",
      "label_color": "#66332b",
      "order": 26
    }
  },
  {
    "model": "kiosk.activity",
    "pk": 29,
    "fields": {
      "created": "2020-02-06T20:12:46.358Z",
      "modified": "2020-06-15T21:11:16.139Z",
      "status": "active",
      "name": "Loved Ones: Helping the Care Team",
      "video": 189,
      "main_page_image": "",
      "thumbnail_image": "helpingCareTeam_thumbnail2x.jpg",
      "target_url": "",
      "label_color": "#595f61",
      "order": 27
    }
  },
  {
    "model": "kiosk.activity",
    "pk": 30,
    "fields": {
      "created": "2020-02-06T20:14:04.390Z",
      "modified": "2020-06-15T21:11:31.156Z",
      "status": "active",
      "name": "Loved Ones: Levels of Care",
      "video": 193,
      "main_page_image": "",
      "thumbnail_image": "levelsOfCare_thumbnail2x.jpg",
      "target_url": "",
      "label_color": "#44669c",
      "order": 28
    }
  },
  {
    "model": "kiosk.activity",
    "pk": 31,
    "fields": {
      "created": "2020-02-06T20:15:23.017Z",
      "modified": "2020-06-15T21:11:41.087Z",
      "status": "active",
      "name": "Loved Ones: Inpatient Units",
      "video": 190,
      "main_page_image": "",
      "thumbnail_image": "inpatientUnit_thumbnail2x.jpg",
      "target_url": "",
      "label_color": "#6e8ea3",
      "order": 29
    }
  },
  {
    "model": "kiosk.activity",
    "pk": 32,
    "fields": {
      "created": "2020-02-06T20:16:33.753Z",
      "modified": "2020-06-15T21:11:52.066Z",
      "status": "active",
      "name": "Loved Ones: Returning Home",
      "video": 191,
      "main_page_image": "",
      "thumbnail_image": "returningHome_thumbnail2x.jpg",
      "target_url": "",
      "label_color": "#32634a",
      "order": 30
    }
  },
  {
    "model": "kiosk.activity",
    "pk": 33,
    "fields": {
      "created": "2020-02-06T20:17:17.990Z",
      "modified": "2020-06-15T21:12:02.008Z",
      "status": "active",
      "name": "Loved Ones: First 72 Hours Post ER",
      "video": 192,
      "main_page_image": "",
      "thumbnail_image": "first72hours_thumbnail2x.jpg",
      "target_url": "",
      "label_color": "#513c26",
      "order": 31
    }
  },
  {
    "model": "kiosk.copingstrategy",
    "pk": 2,
    "fields": {
      "created": "2020-05-22T15:38:05.912Z",
      "modified": "2020-06-02T17:42:38.767Z",
      "status": "active",
      "name": "Go for a walk",
      "title": "Go for a walk",
      "image": "GoForWalk2x.png",
      "category": 3
    }
  },
  {
    "model": "kiosk.copingstrategy",
    "pk": 3,
    "fields": {
      "created": "2020-05-22T15:38:28.834Z",
      "modified": "2020-06-02T19:05:29.192Z",
      "status": "active",
      "name": "Candle",
      "title": "Light a candle",
      "image": "Candle2x.jpg",
      "category": 6
    }
  },
  {
    "model": "kiosk.copingstrategy",
    "pk": 4,
    "fields": {
      "created": "2020-05-22T18:49:15.846Z",
      "modified": "2020-05-22T21:31:26.274Z",
      "status": "active",
      "name": "Hold ice",
      "title": "Hold ice",
      "image": "Ice2x.png",
      "category": 1
    }
  },
  {
    "model": "kiosk.copingstrategy",
    "pk": 5,
    "fields": {
      "created": "2020-05-22T21:30:46.767Z",
      "modified": "2020-05-22T21:31:22.806Z",
      "status": "active",
      "name": "Cold shower",
      "title": "Cold shower",
      "image": "Shower2x.png",
      "category": 1
    }
  },
  {
    "model": "kiosk.copingstrategy",
    "pk": 6,
    "fields": {
      "created": "2020-05-22T21:31:07.116Z",
      "modified": "2020-05-22T21:31:47.721Z",
      "status": "active",
      "name": "Hot bath",
      "title": "Hot bath",
      "image": "HotWater2x.png",
      "category": 1
    }
  },
  {
    "model": "kiosk.copingstrategy",
    "pk": 7,
    "fields": {
      "created": "2020-05-22T21:32:15.525Z",
      "modified": "2020-07-01T16:52:16.526Z",
      "status": "active",
      "name": "intense exercise",
      "title": "Intense exercise",
      "image": "IntenseExercise2x.png",
      "category": 1
    }
  },
  {
    "model": "kiosk.copingstrategy",
    "pk": 8,
    "fields": {
      "created": "2020-05-22T21:32:34.189Z",
      "modified": "2020-05-22T21:32:34.189Z",
      "status": "active",
      "name": "climb stairs",
      "title": "Climb stairs",
      "image": "Stairs2x.png",
      "category": 1
    }
  },
  {
    "model": "kiosk.copingstrategy",
    "pk": 9,
    "fields": {
      "created": "2020-05-22T21:33:52.304Z",
      "modified": "2020-05-22T21:33:52.304Z",
      "status": "active",
      "name": "Squats",
      "title": "Squats",
      "image": "IntenseExercise2x.png",
      "category": 1
    }
  },
  {
    "model": "kiosk.copingstrategy",
    "pk": 10,
    "fields": {
      "created": "2020-05-22T21:36:07.300Z",
      "modified": "2020-06-02T18:57:25.868Z",
      "status": "active",
      "name": "meet a friend",
      "title": "Meet a friend",
      "image": "MeetFriend2x.png",
      "category": 3
    }
  },
  {
    "model": "kiosk.copingstrategy",
    "pk": 11,
    "fields": {
      "created": "2020-05-22T21:36:36.734Z",
      "modified": "2020-06-02T18:57:37.513Z",
      "status": "active",
      "name": "worship",
      "title": "Go to a place of worship",
      "image": "Worship2x.png",
      "category": 3
    }
  },
  {
    "model": "kiosk.copingstrategy",
    "pk": 12,
    "fields": {
      "created": "2020-05-22T21:38:03.751Z",
      "modified": "2020-06-02T18:57:47.032Z",
      "status": "active",
      "name": "clean my space",
      "title": "Clean my space",
      "image": "CleanSpace2x.png",
      "category": 3
    }
  },
  {
    "model": "kiosk.copingstrategy",
    "pk": 13,
    "fields": {
      "created": "2020-05-22T21:38:21.756Z",
      "modified": "2020-06-02T18:57:55.014Z",
      "status": "active",
      "name": "gym",
      "title": "Go to gym",
      "image": "Gym2x.jpg",
      "category": 3
    }
  },
  {
    "model": "kiosk.copingstrategy",
    "pk": 14,
    "fields": {
      "created": "2020-05-22T21:38:47.590Z",
      "modified": "2020-06-02T18:58:03.447Z",
      "status": "active",
      "name": "library",
      "title": "Go to a library",
      "image": "Library2x.png",
      "category": 3
    }
  },
  {
    "model": "kiosk.copingstrategy",
    "pk": 15,
    "fields": {
      "created": "2020-05-22T21:39:00.216Z",
      "modified": "2020-06-02T18:58:09.121Z",
      "status": "active",
      "name": "video games",
      "title": "Video games",
      "image": "VideoGames2x.png",
      "category": 3
    }
  },
  {
    "model": "kiosk.copingstrategy",
    "pk": 16,
    "fields": {
      "created": "2020-05-22T21:39:22.118Z",
      "modified": "2020-06-02T18:58:14.520Z",
      "status": "active",
      "name": "Call a friend",
      "title": "Call a friend",
      "image": "CallAFriend2x.png",
      "category": 3
    }
  },
  {
    "model": "kiosk.copingstrategy",
    "pk": 17,
    "fields": {
      "created": "2020-05-22T21:39:44.720Z",
      "modified": "2020-06-02T18:58:21.105Z",
      "status": "active",
      "name": "inspiring movie",
      "title": "Watch an inspiring movie",
      "image": "WatchMovie2x.png",
      "category": 3
    }
  },
  {
    "model": "kiosk.copingstrategy",
    "pk": 18,
    "fields": {
      "created": "2020-05-22T21:40:00.336Z",
      "modified": "2020-06-02T18:58:25.720Z",
      "status": "active",
      "name": "cafe",
      "title": "Go to a cafe",
      "image": "GoToCafe_CoffeeShop2x.png",
      "category": 3
    }
  },
  {
    "model": "kiosk.copingstrategy",
    "pk": 19,
    "fields": {
      "created": "2020-05-22T21:40:28.861Z",
      "modified": "2020-06-02T18:59:39.321Z",
      "status": "active",
      "name": "something kind",
      "title": "Do something kind",
      "image": "DoSomethingKind2x.png",
      "category": 4
    }
  },
  {
    "model": "kiosk.copingstrategy",
    "pk": 20,
    "fields": {
      "created": "2020-05-22T21:41:02.725Z",
      "modified": "2020-06-02T18:59:50.777Z",
      "status": "active",
      "name": "compliment",
      "title": "Give a compliment",
      "image": "GiveACompliment2x.png",
      "category": 4
    }
  },
  {
    "model": "kiosk.copingstrategy",
    "pk": 21,
    "fields": {
      "created": "2020-05-22T21:41:23.604Z",
      "modified": "2020-06-02T19:00:05.763Z",
      "status": "active",
      "name": "offer encouragement",
      "title": "Offer encouragement",
      "image": "Encouragement2x.png",
      "category": 4
    }
  },
  {
    "model": "kiosk.copingstrategy",
    "pk": 22,
    "fields": {
      "created": "2020-05-22T21:41:43.496Z",
      "modified": "2020-06-02T19:00:12.544Z",
      "status": "active",
      "name": "volunteer",
      "title": "Volunteer",
      "image": "Volunteer2x.png",
      "category": 4
    }
  },
  {
    "model": "kiosk.copingstrategy",
    "pk": 23,
    "fields": {
      "created": "2020-05-22T21:41:58.576Z",
      "modified": "2020-06-02T19:00:22.786Z",
      "status": "active",
      "name": "shared space",
      "title": "Clean a shared space",
      "image": "CleanSharedSpace2x.png",
      "category": 4
    }
  },
  {
    "model": "kiosk.copingstrategy",
    "pk": 25,
    "fields": {
      "created": "2020-05-22T21:42:38.133Z",
      "modified": "2020-06-02T19:00:41.272Z",
      "status": "active",
      "name": "Help someone",
      "title": "Help someone",
      "image": "Helping2x.png",
      "category": 4
    }
  },
  {
    "model": "kiosk.copingstrategy",
    "pk": 26,
    "fields": {
      "created": "2020-05-22T21:42:56.609Z",
      "modified": "2020-06-02T19:01:03.827Z",
      "status": "active",
      "name": "make a small gift",
      "title": "Make a small gift",
      "image": "Gift2x.png",
      "category": 4
    }
  },
  {
    "model": "kiosk.copingstrategy",
    "pk": 27,
    "fields": {
      "created": "2020-05-22T21:43:07.940Z",
      "modified": "2020-06-02T19:01:23.441Z",
      "status": "active",
      "name": "pray",
      "title": "Pray",
      "image": "Pray2x.png",
      "category": 5
    }
  },
  {
    "model": "kiosk.copingstrategy",
    "pk": 28,
    "fields": {
      "created": "2020-05-22T21:45:12.899Z",
      "modified": "2020-06-02T19:01:34.105Z",
      "status": "active",
      "name": "supportive person",
      "title": "Call a supportive person",
      "image": "CallAFriend2x.png",
      "category": 5
    }
  },
  {
    "model": "kiosk.copingstrategy",
    "pk": 29,
    "fields": {
      "created": "2020-05-22T21:46:24.824Z",
      "modified": "2020-06-02T19:01:41.830Z",
      "status": "active",
      "name": "encourage myself",
      "title": "Encourage myself",
      "image": "EncourageMyself2x.png",
      "category": 5
    }
  },
  {
    "model": "kiosk.copingstrategy",
    "pk": 30,
    "fields": {
      "created": "2020-05-22T21:46:49.343Z",
      "modified": "2020-06-02T19:01:51.487Z",
      "status": "active",
      "name": "practice mindfulness",
      "title": "Practice mindfulness",
      "image": "PracticeMindfulness2x.png",
      "category": 5
    }
  },
  {
    "model": "kiosk.copingstrategy",
    "pk": 31,
    "fields": {
      "created": "2020-05-22T21:47:50.838Z",
      "modified": "2020-06-02T19:04:38.855Z",
      "status": "active",
      "name": "Look at beautiful images",
      "title": "Look at beautiful images",
      "image": "BeautifulImages2x.jpg",
      "category": 6
    }
  },
  {
    "model": "kiosk.copingstrategy",
    "pk": 32,
    "fields": {
      "created": "2020-05-22T21:48:06.923Z",
      "modified": "2020-06-02T19:04:50.563Z",
      "status": "active",
      "name": "Be in nature",
      "title": "Be in nature",
      "image": "Beinnature2x.png",
      "category": 6
    }
  },
  {
    "model": "kiosk.copingstrategy",
    "pk": 33,
    "fields": {
      "created": "2020-05-22T21:48:27.659Z",
      "modified": "2020-06-02T19:04:58.346Z",
      "status": "active",
      "name": "hot drink",
      "title": "Enjoy a hot drink",
      "image": "WarmDrink2x.png",
      "category": 6
    }
  },
  {
    "model": "kiosk.copingstrategy",
    "pk": 34,
    "fields": {
      "created": "2020-05-22T21:48:44.391Z",
      "modified": "2020-06-02T19:05:04.945Z",
      "status": "active",
      "name": "favorite clothing",
      "title": "Wear favorite clothing",
      "image": "FavoriteClothes2x.png",
      "category": 6
    }
  },
  {
    "model": "kiosk.copingstrategy",
    "pk": 35,
    "fields": {
      "created": "2020-05-22T21:49:00.180Z",
      "modified": "2020-06-02T19:05:15.710Z",
      "status": "active",
      "name": "soothing music",
      "title": "Listen to soothing music",
      "image": "ListenMusic2x.png",
      "category": 6
    }
  },
  {
    "model": "kiosk.copingstrategy",
    "pk": 36,
    "fields": {
      "created": "2020-05-22T21:49:16.984Z",
      "modified": "2020-06-02T19:05:25.601Z",
      "status": "active",
      "name": "favorite food",
      "title": "Eat a favorite food",
      "image": "FavoriteFood2x.png",
      "category": 6
    }
  },
  {
    "model": "kiosk.copingstrategy",
    "pk": 37,
    "fields": {
      "created": "2020-05-22T21:49:38.797Z",
      "modified": "2020-06-02T19:05:37.857Z",
      "status": "active",
      "name": "scented soap or lotion",
      "title": "Use scented soap or lotion",
      "image": "Soap2x.png",
      "category": 6
    }
  },
  {
    "model": "kiosk.copingstrategy",
    "pk": 38,
    "fields": {
      "created": "2020-07-01T16:57:36.427Z",
      "modified": "2020-07-01T16:57:36.427Z",
      "status": "active",
      "name": "Paced Breathing",
      "title": "Paced breathing",
      "image": "pacedBreathing2x_copy.jpeg",
      "category": 1
    }
  },
  {
    "model": "kiosk.copingstrategycategory",
    "pk": 1,
    "fields": {
      "created": "2020-05-22T15:37:00.962Z",
      "modified": "2020-06-02T18:50:51.941Z",
      "status": "active",
      "name": "Physical Coping Skill",
      "slug": "physical",
      "why_text": "Intense negative emotions can have a big impact on how we feel physically: our muscles tighten, our hearts race, and we might even feel sick to our stomach. These skills help change how you are feeling emotionally and physically. For example, using an exercise like Paced Breathing helps calm your mind and body so you can relax, feel calmer and more at ease."
    }
  },
  {
    "model": "kiosk.copingstrategycategory",
    "pk": 2,
    "fields": {
      "created": "2020-05-22T15:37:59.424Z",
      "modified": "2020-05-22T15:37:59.424Z",
      "status": "active",
      "name": "Coping Skill",
      "slug": "default",
      "why_text": "It also helps you"
    }
  },
  {
    "model": "kiosk.copingstrategycategory",
    "pk": 3,
    "fields": {
      "created": "2020-06-02T17:41:50.821Z",
      "modified": "2020-06-02T17:41:50.821Z",
      "status": "active",
      "name": "Coping Distract",
      "slug": "distract",
      "why_text": "Managing intense negative emotions in the moment can be exhausting and really hard. Distraction is a powerful way to give yourself a break from your problems. They won't help you solve your problems, but they can help to take your mind off of them for a bit, giving you a chance to practice other skills."
    }
  },
  {
    "model": "kiosk.copingstrategycategory",
    "pk": 4,
    "fields": {
      "created": "2020-06-02T18:51:36.032Z",
      "modified": "2020-06-02T18:51:36.032Z",
      "status": "active",
      "name": "Coping Help Others",
      "slug": "help",
      "why_text": "Helping others when you're in a crisis can have a powerful effect on reducing your own distress. By focusing on others, your mind gets to take a break from your own problems. Studies show that helping others actually changes how people process emotions, helping them to feel happy and content."
    }
  },
  {
    "model": "kiosk.copingstrategycategory",
    "pk": 5,
    "fields": {
      "created": "2020-06-02T18:52:03.284Z",
      "modified": "2020-06-02T18:52:03.284Z",
      "status": "active",
      "name": "Coping Courage",
      "slug": "courage",
      "why_text": "Making changes to improve our lives and move through our problems often takes a lot of courage. It helps to act opposite to how we feel in the moment. For example; If you want to run and hide, you would take a deep breath and take a step forward. If you feel small and powerless, you would can put your shoulders back, raise your head and look forward. The smallest acts of courage can have a powerful impact on how we feel in and about the moment."
    }
  },
  {
    "model": "kiosk.copingstrategycategory",
    "pk": 6,
    "fields": {
      "created": "2020-06-02T18:52:21.842Z",
      "modified": "2020-06-02T18:52:21.842Z",
      "status": "active",
      "name": "Coping Senses",
      "slug": "senses",
      "why_text": "We can't always get away from the situation that is causing us distress as much as we might like to. We can, however, soothe our five senses (touch, smell, sight, hearing, and taste) to make the situation a little easier to stand. For eaxample; you can wear your comfy clothes, light a candle, watch a fire or listen to comforting music."
    }
  },
  {
    "model": "kiosk.guidemessage",
    "pk": 1,
    "fields": {
      "created": "2020-05-22T16:30:14.821Z",
      "modified": "2022-05-03T15:37:50.021Z",
      "status": "active",
      "name": "Guide message 1",
      "message": "I'm glad you're trying this step by step guide. Let's see what's next."
    }
  },
  {
    "model": "kiosk.helpline",
    "pk": 1,
    "fields": {
      "created": "2020-05-22T18:50:09.893Z",
      "modified": "2020-05-22T18:50:09.893Z",
      "status": "active",
      "name": "National Hotline",
      "phone": "+18002738255",
      "text": "741741"
    }
  },
  {
    "model": "kiosk.notetemplate",
    "pk": 1,
    "fields": {
      "created": "2021-08-09T21:52:48.508Z",
      "modified": "2022-05-23T20:20:19.761Z",
      "status": "active",
      "name": "Default Narrative Note",
      "template": "{% load tz %}\r\nPatient was offered the Jaspr Health tablet to assist delivery of evidence-based interventions to reduce suicide-related suffering and deaths. Assigned activities include: {% if has_suicide_assessment %}self-report of suicide risk assessment, {% endif %} lethal means counseling{% if has_stability_plan %}, crisis stabilization planning, psychoeducation about behavioral skills to manage emotional distress, and hope generating insights from People with Lived Experience{% endif %}.\r\n\r\n\r\n==================================================================\r\nSUICIDE STATUS INTERVIEW FINDINGS FROM PATIENT USE OF JASPR HEALTH\r\n==================================================================\r\n\r\nDate of Access: {{ first_accessed|timezone:timezone|date:\"m/d/Y h:i A\" }} {{timezone_abbrev}}\r\nLast modified: {{activities_last_modified|timezone:timezone|date:\"m/d/Y h:i A\" }} {{timezone_abbrev}}\r\n{% if has_suicide_assessment %}\r\nWhen asked about what led to urges to harm themselves that brought them here today, patient said: \"{{ crisis_desc }}\"\r\n\r\n-------------------------\r\nRisk & Protective Factors\r\n-------------------------\r\n\r\nThe Suicide Index Score was {% if scoring_suicide_index_score is not None %}{{ scoring_suicide_index_score }}{% else %}\"not calculated due to missing answers,{% endif %} risk group: {% if scoring_suicide_index_score_typology %}{{ scoring_suicide_index_score_typology }}{% else %}Unknown*{% endif %}.\r\n\r\nThe patient rated their overall risk to kill themselves as: {% if suicide_risk %}{{ suicide_risk }} {% else %}The patient did not rate their overall risk to kill themselves*{% endif %} on 1-will not kill self to 5-will kill self scale.\r\n\r\n+ Current suicide ideation: {{ suicidal_yes_no }}{% if suicidal_yes_no_describe %} described as \"{{ suicidal_yes_no_describe }}\"{% endif %} with frequency of {{ suicidal_freq }} times per {{ suicidal_freq_units }} that lasts for {{ length_suicidal_thought }}. These thoughts {{ worse_yes_no }} new or worse than usual baseline suicide ideation. Patient {{ nssi_yes_no }} report history of non-suicidal intentional self-injury.\r\n\r\n+ Access to Means: Firearm {{ firearms_yes_no }}{% if firearms_yes_no_describe %} described as \"{{ firearms_yes_no_describe }}\"{% endif %}. Other means {{ means_yes_no }},{% if means_yes_no_describe %} described as \"{{ means_yes_no_describe }}\"{% endif %}.\r\n\r\n+ Plan: {{ plan_yes_no }},{% if plan_yes_no_describe %} described as \"{{ plan_yes_no_describe }}\"{% endif %}. {% if steps_yes_no == None %}Patient did not answer whether they have or have not taken steps{% else %}Patient reported they {{ steps_yes_no }} taken steps{% endif %} to prepare a suicide attempt{% if steps_yes_no_describe %}, described as \"{{ steps_yes_no_describe }}\"{% endif %} and {% if practiced_yes_no is None %}did not answer whether they have or have not{% else %}reports they {{ practiced_yes_no }}{% endif %} practiced how they would take their life{% if practiced_yes_no_describe %} described as \"{{ practiced_yes_no_describe }}\"{% endif %}.\r\n\r\n+ Past Suicide Attempt(s): Patient reported having attempted suicide {{ times_tried }}{% if times_tried_describe %} described as \"{{ times_tried_describe }}\"{% endif %}. They stated that they {{ current_yes_no }} here today because of a current suicide attempt{% if current_yes_no_describe %}, described as \"{{ current_yes_no_describe }}\"{% endif %} and that they {{ intent_yes_no }} made a past suicide attempt with intent to die{% if intent_yes_no_describe %} described as \"{{ intent_yes_no_describe }}\"{% endif %}.\r\n\r\n+ Substance Abuse: {{ abuse_yes_no }}{% if abuse_yes_no_describe %}, described as \"{{ abuse_yes_no_describe }}\"{% endif %}\r\n\r\n+ Insomnia: {{ sleep_yes_no }}{% if sleep_yes_no_describe %} described as \"{{ sleep_yes_no_describe }}\"{% endif %}\r\n\r\n{% if reasons_live %}The patient's reasons for living are: \"{{ reasons_live }}\"{% else %}The patient has missing data on reasons for living {% endif %} and {% if reasons_die %}reasons for dying are: \"{{ reasons_die }}\"{% else %}has missing data on reasons for dying.{% endif %}\r\n\r\nThe Suicide Status Interview Core Assessment items were {{ core_suicide_items_text }}.\r\n\r\n{% for row in core_suicide_items_data%}\r\n{{ forloop.counter }} - {{row.0|title}} - {% if row.1 %}{{row.1}}{{\"/5\"}}{% else %}not answered{% endif %}\r\n{% if row.2 %}{{row.2}}{% endif %}{% endfor %}\r\n\r\n**High hopelessness, self-hate, and overall risk may suggest chronic suicidality. High agitation and stress may suggest acute suicidality\r\n\r\nWhen asked about the one thing that would make you not suicidal patient said: \"{{ one_thing }}\".\r\n\r\nOther self-reported information related to risk and history:\r\n+ Past hospitalization for a mental health or substance use problem: {{ hospitalized_yes_no }}{% if hospitalized_yes_no_describe %}, \"{{ hospitalized_yes_no_describe }}\"{% endif %}\r\n+ Impulsive: {{ impulsive_yes_no }}{% if impulsive_yes_no_describe %}, described as \"{{ impulsive_yes_no_describe }}\"{% endif %}\r\n+ Loss: {{ losses_yes_no }}{% if losses_yes_no_describe %}, described as \"{{ losses_yes_no_describe }}\"{% endif %}\r\n+ Relationship Problems: {{ relationship_yes_no }}{% if relationship_yes_no_describe %}, described as \"{{ relationship_yes_no_describe }}\"{% endif %}\r\n+ Burden on Others: {{ burden_on_others_yes_no }}{% if burden_on_others_yes_no_describe %}, described as \"{{ burden_on_others_yes_no_describe }}\"{% endif %}\r\n+ Health or Physical Pain Problems: {{ health_yes_no }}{% if health_yes_no_describe %}, described as \"{{ health_yes_no_describe }}\"{% endif %}\r\n+ Legal or Financial Problems: {{ legal_yes_no }}{% if legal_yes_no_describe %}, described as \"{{ legal_yes_no_describe }}\"{% endif %}\r\n+ Shame about History or Current Life: {{ shame_yes_no }}{% if shame_yes_no_describe %}, described as \"{{ shame_yes_no_describe }}\"{% endif %}\r\n\r\nAgitation/distress: 1 (none at all) to 10 (highest ever)\r\n+ {{ check_in_time0|date:\"m/d/Y h:i A\" }} Agitation: {{frustration0}} ; Distress: {{distress0}}\r\n+ {{check_in_time1|date:\"m/d/Y h:i A\" }} Agitation: {{frustration1}} ; Distress: {{distress1}}{% endif %}\r\n\r\n{% if has_suicide_assessment or has_stability_plan %}\r\n-------------------------\r\nLethal Means Counseling\r\n-------------------------\r\n\r\n+ Willing To Secure Means:{% if skip_reason is not None and means_willing == quoted_no_entry_symbol %}Patient skipped lethal means counseling due to following reasons: {{skip_reason}}{% endif %} {% if means_willing != quoted_no_entry_symbol%}Patient reported being {{means_willing}} to secure means and identified the following strategies as useful in their situation: {{strategies_general}}, {{strategies_firearm}}, {{strategies_medicine}}, {{strategies_places}}, {{strategies_other}}, {{strategies_custom}}.\r\n+ Someone can help secure lethal means: {{means_support_yes_no}}; describe: \"{{means_support_who}}\"\r\n{% endif %}{% endif %}\r\n{% if has_stability_plan %}\r\n-------------------------\r\nCrisis Stabilization Plan\r\n-------------------------\r\n\r\n+ Willing To Secure Means: {% if not any_means and not skip_reason %}{{ quoted_no_entry_symbol }}{% endif %}{% if skip_reason is not None %}Patient skipped lethal means counseling due to following reasons: {{ skip_reason }}{% endif %}{% if any_means %} Patient reported being {{ means_willing }} to secure means and identified the following strategies as useful in their situation: General: {{ strategies_general }}, Firearm: {{ strategies_firearm }}, Medicine: {{ strategies_medicine }}, Places: {{ strategies_places }}, Other: {{ strategies_other }}, Custom: {{ strategies_custom }}.{% endif %}\r\n\r\n+ Sources of support in a crisis: {% if supportive_people %}{% for person in supportive_people %}\"{{ person.name }}\": {% if person.phone %}\"{{ person.phone }}\"{% else %}{{ quoted_no_entry_symbol }}{% endif %}{%  if not forloop.last %}; {% endif %}{% endfor %}{% else %}{{ quoted_no_entry_symbol }}{% endif %}\r\n\r\n+ Reasons for Living (ranked): \"{{ ranked_reasons_live }}\"\r\n\r\n+ Warning Signs: Patient said they know they're about to be in crisis when: Stress: {{ ws_stressors_oneline }}; Thoughts: {{ ws_thoughts_oneline }}; Feelings: {{ ws_feelings_oneline }}; Actions: {{ ws_actions_oneline }}.\r\n\r\n+ Coping Strategies: Patient identified the follow strategies as possibly helpful in a crisis: Body: {{ coping_body }}; Distract: {{ coping_distract }}; Help others: {{ coping_help_others }}; Courage: {{ coping_courage }}; Senses: {{ coping_senses }}\r\n\r\n+ Confidence in Ability to Use Coping Strategies (out of 100): {{ stability_confidence }}\r\n\r\n+ Readiness: When asked how ready they are to leave the emergency department, {% if readiness != READINESS_VERY_READY %}patient reported {{ readiness }} for discharge, citing \"{{ readiness_no }}\" as reason(s) for what would help to feel readier.{% else %}patient reported {{ readiness }} for discharge because: {{ readiness_yes_reasons }} Patient reported that what has changed since being in the ED is: \"{{ readiness_yes_changed }}\"{% endif %}\r\n\r\n+ Stability Plan to Take Home: Patient {{ tools_to_go_status }} initiated set up of Jaspr at Home to access an electronic version of their crisis stability plan and other resources available post-discharge.\r\n{% endif %}"
    }
  },
  {
    "model": "kiosk.notetemplate",
    "pk": 2,
    "fields": {
      "created": "2021-08-09T21:52:57.708Z",
      "modified": "2022-05-20T16:03:48.887Z",
      "status": "active",
      "name": "Default Stability Plan",
      "template": "{% load tz %}Name: {{patient_first_name}} {{patient_last_name}}\r\nDOB: {{date_of_birth|date:\"m/d/Y\"}}\r\nMRN: {{mrn}}\r\n\r\nDate of Access: {{ first_accessed|timezone:timezone|date:\"m/d/Y h:i A\" }} {{timezone_abbrev}}\r\nLast modified: {{csp_modified|timezone:timezone|date:\"m/d/Y h:i A\" }} {{timezone_abbrev}}\r\n\r\nJaspr Health tablet was used by {{patient_first_name}} {{patient_last_name}} to create the following crisis stability plan.\r\n\r\nMY STABILITY PLAN\r\n\r\n1.Immediate Steps to Take\r\nTo protect myself I plan to reduce access to my means. I will:\r\n{% if strategies_general_newline or strategies_firearm_newline or strategies_medicine_newline or strategies_places_newline or strategies_other_newline or strategies_custom_newline %}{% if strategies_general %}{{ strategies_general }}{% endif %}{% if strategies_firearm_newline %}\r\n\r\nFirearm:\r\n{{strategies_firearm_newline}}{% endif %}{% if strategies_medicine_newline %}\r\n\r\nMedicine:\r\n{{strategies_medicine_newline}}{% endif %}{% if strategies_places_newline %}\r\n\r\nPlaces:\r\n{{strategies_places_newline}}{% endif %}{% if strategies_other_newline %}\r\n\r\nOther:\r\n{{strategies_other_newline}}{% endif %}{% if strategies_custom_newline %}\r\n\r\nCustom:\r\n{{strategies_custom_newline}}{% endif %}{% else %}{{ no_entry_symbol }}{% endif %}\r\n\r\n\r\n2.Supportive People\r\nMy list of contacts who can help:\r\n{% if supportive_people %}{% for person in supportive_people %}{{ person.name }}: {% if person.phone %}{{ person.phone }}{% else %}{{ quoted_no_entry_symbol }}{% endif %}{% endfor %}{% else %}{{ quoted_no_entry_symbol }}{% endif %}\r\n\r\n\r\n3.Reasons for Living\r\n{% if has_reasons_live %}\r\n{{ ranked_reasons_live_numbered }}{% else %}{{ no_entry_symbol }}{% endif %}\r\n\r\n\r\n4.Recognize Warning Signs\r\nI know I'm about to be in a crisis when I experience:\r\n{% if ws_actions or ws_feelings or ws_thoughts or ws_stressors %}{% if ws_actions %}\r\nActions:\r\n{{ws_actions}}{% endif %}{% if ws_feelings %}\r\nFeelings:\r\n{{ws_feelings}}{% endif %}{% if ws_thoughts %}\r\nThoughts:\r\n{{ws_thoughts}}{% endif %}{% if ws_stressors %}\r\nStressors:\r\n{{ws_stressors}}{% endif %}{% else %}{{no_entry_symbol}}{% endif %}\r\n\r\n\r\n5.Coping Strategies\r\nThe top strategies that help me cope:\r\n{% if coping_body_newline or coping_distract_newline or coping_help_others_newline or coping_courage_newline or coping_senses_newline %}{% if coping_body_newline %}\r\nBody:\r\n{{coping_body_newline}}{% endif %}{% if coping_distract_newline %}\r\n\r\nDistract:\r\n{{coping_distract_newline}}{% endif %}{% if coping_help_others_newline %}\r\n\r\nHelp Others:\r\n{{coping_help_others_newline}}{% endif %}{% if coping_courage_newline %}\r\n\r\nCourage:\r\n{{coping_courage_newline}}{% endif %}{% if coping_senses_newline %}\r\n\r\nSenses:\r\n{{coping_senses_newline}}{% endif %}{% else %}{{no_entry_symbol}}{% endif %}\r\n\r\nOther:\r\n+ Watch Jaspr Videos\r\n+ 24/7 National Hotline, call 1-800-273-8255, text 741741"
    }
  },
  {
    "model": "kiosk.notetemplate",
    "pk": 3,
    "fields": {
      "created": "2021-08-20T16:28:44.894Z",
      "modified": "2022-05-23T20:24:01.238Z",
      "status": "active",
      "name": "Allina Narrative Note",
      "template": "{% load tz %}\r\nPatient was offered the Jaspr Health tablet to assist delivery of evidence-based interventions to reduce suicide-related suffering and deaths. Assigned activities include: {% if has_suicide_assessment %}self-report of suicide risk assessment, {% endif %} lethal means counseling{% if has_stability_plan %}, crisis stabilization planning, psychoeducation about behavioral skills to manage emotional distress, and hope generating insights from People with Lived Experience{% endif %}.\r\n\r\n\r\n==================================================================\r\nSUICIDE STATUS INTERVIEW FINDINGS FROM PATIENT USE OF JASPR HEALTH\r\n==================================================================\r\n\r\nDate of Access: {{ first_accessed|timezone:timezone|date:\"m/d/Y h:i A\" }} {{timezone_abbrev}}\r\nLast modified: {{activities_last_modified|timezone:timezone|date:\"m/d/Y h:i A\" }} {{timezone_abbrev}}\r\n{% if has_suicide_assessment %}\r\nWhen asked about what led to urges to harm themselves that brought them here today, patient said: \"{{ crisis_desc }}\"\r\n\r\n-------------------------\r\nRisk & Protective Factors\r\n-------------------------\r\n\r\nThe Suicide Index Score was {% if scoring_suicide_index_score is not None %}{{ scoring_suicide_index_score }}{% else %}\"not calculated due to missing answers,{% endif %} risk group: {% if scoring_suicide_index_score_typology %}{{ scoring_suicide_index_score_typology }}{% else %}Unknown*{% endif %}.\r\n\r\nThe patient rated their overall risk to kill themselves as: {% if suicide_risk %}{{ suicide_risk }} {% else %}The patient did not rate their overall risk to kill themselves*{% endif %} on 1-will not kill self to 5-will kill self scale.\r\n\r\n+ Current suicide ideation: {{ suicidal_yes_no }}{% if suicidal_yes_no_describe %} described as \"{{ suicidal_yes_no_describe }}\"{% endif %} with frequency of {{ suicidal_freq }} times per {{ suicidal_freq_units }} that lasts for {{ length_suicidal_thought }}. These thoughts {{ worse_yes_no }} new or worse than usual baseline suicide ideation. Patient {{ nssi_yes_no }} report history of non-suicidal intentional self-injury.\r\n\r\n+ Access to Means: Firearm {{ firearms_yes_no }}{% if firearms_yes_no_describe %} described as \"{{ firearms_yes_no_describe }}\"{% endif %}. Other means {{ means_yes_no }},{% if means_yes_no_describe %} described as \"{{ means_yes_no_describe }}\"{% endif %}.\r\n\r\n+ Plan: {{ plan_yes_no }},{% if plan_yes_no_describe %} described as \"{{ plan_yes_no_describe }}\"{% endif %}. {% if steps_yes_no == None %}Patient did not answer whether they have or have not taken steps{% else %}Patient reported they {{ steps_yes_no }} taken steps{% endif %} to prepare a suicide attempt{% if steps_yes_no_describe %}, described as \"{{ steps_yes_no_describe }}\"{% endif %} and {% if practiced_yes_no is None %}did not answer whether they have or have not{% else %}reports they {{ practiced_yes_no }}{% endif %} practiced how they would take their life{% if practiced_yes_no_describe %} described as \"{{ practiced_yes_no_describe }}\"{% endif %}.\r\n\r\n+ Past Suicide Attempt(s): Patient reported having attempted suicide {{ times_tried }}{% if times_tried_describe %} described as \"{{ times_tried_describe }}\"{% endif %}. They stated that they {{ current_yes_no }} here today because of a current suicide attempt{% if current_yes_no_describe %}, described as \"{{ current_yes_no_describe }}\"{% endif %} and that they {{ intent_yes_no }} made a past suicide attempt with intent to die{% if intent_yes_no_describe %} described as \"{{ intent_yes_no_describe }}\"{% endif %}.\r\n\r\n+ Substance Abuse: {{ abuse_yes_no }}{% if abuse_yes_no_describe %}, described as \"{{ abuse_yes_no_describe }}\"{% endif %}\r\n\r\n+ Insomnia: {{ sleep_yes_no }}{% if sleep_yes_no_describe %} described as \"{{ sleep_yes_no_describe }}\"{% endif %}\r\n\r\n{% if reasons_live %}The patient's reasons for living are: \"{{ reasons_live }}\"{% else %}The patient has missing data on reasons for living {% endif %} and {% if reasons_die %}reasons for dying are: \"{{ reasons_die }}\"{% else %}has missing data on reasons for dying.{% endif %}\r\n\r\nThe Suicide Status Interview Core Assessment items were {{ core_suicide_items_text }}.\r\n\r\n{% for row in core_suicide_items_data%}\r\n{{ forloop.counter }} - {{row.0|title}} - {% if row.1 %}{{row.1}}{{\"/5\"}}{% else %}not answered{% endif %}\r\n{% if row.2 %}{{row.2}}{% endif %}{% endfor %}\r\n\r\n**High hopelessness, self-hate, and overall risk may suggest chronic suicidality. High agitation and stress may suggest acute suicidality\r\n\r\nWhen asked about the one thing that would make you not suicidal patient said: \"{{ one_thing }}\".\r\n\r\nOther self-reported information related to risk and history:\r\n+ Past hospitalization for a mental health or substance use problem: {{ hospitalized_yes_no }}{% if hospitalized_yes_no_describe %}, \"{{ hospitalized_yes_no_describe }}\"{% endif %}\r\n+ Impulsive: {{ impulsive_yes_no }}{% if impulsive_yes_no_describe %}, described as \"{{ impulsive_yes_no_describe }}\"{% endif %}\r\n+ Loss: {{ losses_yes_no }}{% if losses_yes_no_describe %}, described as \"{{ losses_yes_no_describe }}\"{% endif %}\r\n+ Relationship Problems: {{ relationship_yes_no }}{% if relationship_yes_no_describe %}, described as \"{{ relationship_yes_no_describe }}\"{% endif %}\r\n+ Burden on Others: {{ burden_on_others_yes_no }}{% if burden_on_others_yes_no_describe %}, described as \"{{ burden_on_others_yes_no_describe }}\"{% endif %}\r\n+ Health or Physical Pain Problems: {{ health_yes_no }}{% if health_yes_no_describe %}, described as \"{{ health_yes_no_describe }}\"{% endif %}\r\n+ Legal or Financial Problems: {{ legal_yes_no }}{% if legal_yes_no_describe %}, described as \"{{ legal_yes_no_describe }}\"{% endif %}\r\n+ Shame about History or Current Life: {{ shame_yes_no }}{% if shame_yes_no_describe %}, described as \"{{ shame_yes_no_describe }}\"{% endif %}\r\n\r\nAgitation/distress: 1 (none at all) to 10 (highest ever)\r\n+ {{ check_in_time0|date:\"m/d/Y h:i A\" }} Agitation: {{frustration0}} ; Distress: {{distress0}}\r\n+ {{check_in_time1|date:\"m/d/Y h:i A\" }} Agitation: {{frustration1}} ; Distress: {{distress1}}{% endif %}\r\n\r\n{% if has_suicide_assessment or has_stability_plan %}\r\n-------------------------\r\nLethal Means Counseling\r\n-------------------------\r\n\r\n+ Willing To Secure Means:{% if skip_reason is not None and means_willing == quoted_no_entry_symbol %}Patient skipped lethal means counseling due to following reasons: {{skip_reason}}{% endif %} {% if means_willing != quoted_no_entry_symbol%}Patient reported being {{means_willing}} to secure means and identified the following strategies as useful in their situation: {{strategies_general}}, {{strategies_firearm}}, {{strategies_medicine}}, {{strategies_places}}, {{strategies_other}}, {{strategies_custom}}.\r\n+ Someone can help secure lethal means: {{means_support_yes_no}}; describe: \"{{means_support_who}}\"\r\n{% endif %}{% endif %}\r\n{% if has_stability_plan %}\r\n-------------------------\r\nCrisis Stabilization Plan\r\n-------------------------\r\n\r\n+ Willing To Secure Means: {% if not any_means and not skip_reason %}{{ quoted_no_entry_symbol }}{% endif %}{% if skip_reason is not None %}Patient skipped lethal means counseling due to following reasons: {{ skip_reason }}{% endif %}{% if any_means %} Patient reported being {{ means_willing }} to secure means and identified the following strategies as useful in their situation: General: {{ strategies_general }}, Firearm: {{ strategies_firearm }}, Medicine: {{ strategies_medicine }}, Places: {{ strategies_places }}, Other: {{ strategies_other }}, Custom: {{ strategies_custom }}.{% endif %}\r\n\r\n+ Sources of support in a crisis: {% if supportive_people %}{% for person in supportive_people %}\"{{ person.name }}\": {% if person.phone %}\"{{ person.phone }}\"{% else %}{{ quoted_no_entry_symbol }}{% endif %}{%  if not forloop.last %}; {% endif %}{% endfor %}{% else %}{{ quoted_no_entry_symbol }}{% endif %}\r\n\r\n+ Reasons for Living (ranked): \"{{ ranked_reasons_live }}\"\r\n\r\n+ Warning Signs: Patient said they know they're about to be in crisis when: Stress: {{ ws_stressors_oneline }}; Thoughts: {{ ws_thoughts_oneline }}; Feelings: {{ ws_feelings_oneline }}; Actions: {{ ws_actions_oneline }}.\r\n\r\n+ Coping Strategies: Patient identified the follow strategies as possibly helpful in a crisis: Body: {{ coping_body }}; Distract: {{ coping_distract }}; Help others: {{ coping_help_others }}; Courage: {{ coping_courage }}; Senses: {{ coping_senses }}\r\n\r\n+ Confidence in Ability to Use Coping Strategies (out of 100): {{ stability_confidence }}\r\n\r\n+ Readiness: When asked how ready they are to leave the emergency department, {% if readiness != READINESS_VERY_READY %}patient reported {{ readiness }} for discharge, citing \"{{ readiness_no }}\" as reason(s) for what would help to feel readier.{% else %}patient reported {{ readiness }} for discharge because: {{ readiness_yes_reasons }} Patient reported that what has changed since being in the ED is: \"{{ readiness_yes_changed }}\"{% endif %}\r\n\r\n+ Stability Plan to Take Home: Patient {{ tools_to_go_status }} initiated set up of Jaspr at Home to access an electronic version of their crisis stability plan and other resources available post-discharge.\r\n{% endif %}"
    }
  },
  {
    "model": "kiosk.notetemplate",
    "pk": 4,
    "fields": {
      "created": "2022-04-22T22:12:21.761Z",
      "modified": "2022-05-23T20:20:09.656Z",
      "status": "active",
      "name": "Providence Narrative Note",
      "template": "{% load tz %}\r\nPatient was offered the Jaspr Health tablet to assist delivery of evidence-based interventions to reduce suicide-related suffering and deaths. Assigned activities include: {% if has_suicide_assessment %}self-report of suicide risk assessment, {% endif %} lethal means counseling{% if has_stability_plan %}, crisis stabilization planning, psychoeducation about behavioral skills to manage emotional distress, and hope generating insights from People with Lived Experience{% endif %}.\r\n\r\n\r\n==================================================================\r\nSUICIDE STATUS INTERVIEW FINDINGS FROM PATIENT USE OF JASPR HEALTH\r\n==================================================================\r\n\r\nDate of Access: {{ first_accessed|timezone:timezone|date:\"m/d/Y h:i A\" }} {{timezone_abbrev}}\r\nLast modified: {{activities_last_modified|timezone:timezone|date:\"m/d/Y h:i A\" }} {{timezone_abbrev}}\r\n{% if has_suicide_assessment %}\r\nWhen asked about what led to urges to harm themselves that brought them here today, patient said: \"{{ crisis_desc }}\"\r\n\r\n-------------------------\r\nRisk & Protective Factors\r\n-------------------------\r\n\r\nThe Suicide Index Score was {% if scoring_suicide_index_score is not None %}{{ scoring_suicide_index_score }}{% else %}\"not calculated due to missing answers,{% endif %} risk group: {% if scoring_suicide_index_score_typology %}{{ scoring_suicide_index_score_typology }}{% else %}Unknown*{% endif %}.\r\n\r\nThe patient rated their overall risk to kill themselves as: {% if suicide_risk %}{{ suicide_risk }} {% else %}The patient did not rate their overall risk to kill themselves*{% endif %} on 1-will not kill self to 5-will kill self scale.\r\n\r\n+ Current suicide ideation: {{ suicidal_yes_no }}{% if suicidal_yes_no_describe %} described as \"{{ suicidal_yes_no_describe }}\"{% endif %} with frequency of {{ suicidal_freq }} times per {{ suicidal_freq_units }} that lasts for {{ length_suicidal_thought }}. These thoughts {{ worse_yes_no }} new or worse than usual baseline suicide ideation. Patient {{ nssi_yes_no }} report history of non-suicidal intentional self-injury.\r\n\r\n+ Access to Means: Firearm {{ firearms_yes_no }}{% if firearms_yes_no_describe %} described as \"{{ firearms_yes_no_describe }}\"{% endif %}. Other means {{ means_yes_no }},{% if means_yes_no_describe %} described as \"{{ means_yes_no_describe }}\"{% endif %}.\r\n\r\n+ Plan: {{ plan_yes_no }},{% if plan_yes_no_describe %} described as \"{{ plan_yes_no_describe }}\"{% endif %}. {% if steps_yes_no == None %}Patient did not answer whether they have or have not taken steps{% else %}Patient reported they {{ steps_yes_no }} taken steps{% endif %} to prepare a suicide attempt{% if steps_yes_no_describe %}, described as \"{{ steps_yes_no_describe }}\"{% endif %} and {% if practiced_yes_no is None %}did not answer whether they have or have not{% else %}reports they {{ practiced_yes_no }}{% endif %} practiced how they would take their life{% if practiced_yes_no_describe %} described as \"{{ practiced_yes_no_describe }}\"{% endif %}.\r\n\r\n+ Past Suicide Attempt(s): Patient reported having attempted suicide {{ times_tried }}{% if times_tried_describe %} described as \"{{ times_tried_describe }}\"{% endif %}. They stated that they {{ current_yes_no }} here today because of a current suicide attempt{% if current_yes_no_describe %}, described as \"{{ current_yes_no_describe }}\"{% endif %} and that they {{ intent_yes_no }} made a past suicide attempt with intent to die{% if intent_yes_no_describe %} described as \"{{ intent_yes_no_describe }}\"{% endif %}.\r\n\r\n+ Substance Abuse: {{ abuse_yes_no }}{% if abuse_yes_no_describe %}, described as \"{{ abuse_yes_no_describe }}\"{% endif %}\r\n\r\n+ Insomnia: {{ sleep_yes_no }}{% if sleep_yes_no_describe %} described as \"{{ sleep_yes_no_describe }}\"{% endif %}\r\n\r\n{% if reasons_live %}The patient's reasons for living are: \"{{ reasons_live }}\"{% else %}The patient has missing data on reasons for living {% endif %} and {% if reasons_die %}reasons for dying are: \"{{ reasons_die }}\"{% else %}has missing data on reasons for dying.{% endif %}\r\n\r\nThe Suicide Status Interview Core Assessment items were {{ core_suicide_items_text }}.\r\n\r\n{% for row in core_suicide_items_data%}\r\n{{ forloop.counter }} - {{row.0|title}} - {% if row.1 %}{{row.1}}{{\"/5\"}}{% else %}not answered{% endif %}\r\n{% if row.2 %}{{row.2}}{% endif %}{% endfor %}\r\n\r\n**High hopelessness, self-hate, and overall risk may suggest chronic suicidality. High agitation and stress may suggest acute suicidality\r\n\r\nWhen asked about the one thing that would make you not suicidal patient said: \"{{ one_thing }}\".\r\n\r\nOther self-reported information related to risk and history:\r\n+ Past hospitalization for a mental health or substance use problem: {{ hospitalized_yes_no }}{% if hospitalized_yes_no_describe %}, \"{{ hospitalized_yes_no_describe }}\"{% endif %}\r\n+ Impulsive: {{ impulsive_yes_no }}{% if impulsive_yes_no_describe %}, described as \"{{ impulsive_yes_no_describe }}\"{% endif %}\r\n+ Loss: {{ losses_yes_no }}{% if losses_yes_no_describe %}, described as \"{{ losses_yes_no_describe }}\"{% endif %}\r\n+ Relationship Problems: {{ relationship_yes_no }}{% if relationship_yes_no_describe %}, described as \"{{ relationship_yes_no_describe }}\"{% endif %}\r\n+ Burden on Others: {{ burden_on_others_yes_no }}{% if burden_on_others_yes_no_describe %}, described as \"{{ burden_on_others_yes_no_describe }}\"{% endif %}\r\n+ Health or Physical Pain Problems: {{ health_yes_no }}{% if health_yes_no_describe %}, described as \"{{ health_yes_no_describe }}\"{% endif %}\r\n+ Legal or Financial Problems: {{ legal_yes_no }}{% if legal_yes_no_describe %}, described as \"{{ legal_yes_no_describe }}\"{% endif %}\r\n+ Shame about History or Current Life: {{ shame_yes_no }}{% if shame_yes_no_describe %}, described as \"{{ shame_yes_no_describe }}\"{% endif %}\r\n\r\nAgitation/distress: 1 (none at all) to 10 (highest ever)\r\n+ {{ check_in_time0|date:\"m/d/Y h:i A\" }} Agitation: {{frustration0}} ; Distress: {{distress0}}\r\n+ {{check_in_time1|date:\"m/d/Y h:i A\" }} Agitation: {{frustration1}} ; Distress: {{distress1}}{% endif %}\r\n\r\n{% if has_suicide_assessment or has_stability_plan %}\r\n-------------------------\r\nLethal Means Counseling\r\n-------------------------\r\n\r\n+ Willing To Secure Means:{% if skip_reason is not None and means_willing == quoted_no_entry_symbol %}Patient skipped lethal means counseling due to following reasons: {{skip_reason}}{% endif %} {% if means_willing != quoted_no_entry_symbol%}Patient reported being {{means_willing}} to secure means and identified the following strategies as useful in their situation: {{strategies_general}}, {{strategies_firearm}}, {{strategies_medicine}}, {{strategies_places}}, {{strategies_other}}, {{strategies_custom}}.\r\n+ Someone can help secure lethal means: {{means_support_yes_no}}; describe: \"{{means_support_who}}\"\r\n{% endif %}{% endif %}\r\n{% if has_stability_plan %}\r\n-------------------------\r\nCrisis Stabilization Plan\r\n-------------------------\r\n\r\n+ Willing To Secure Means: {% if not any_means and not skip_reason %}{{ quoted_no_entry_symbol }}{% endif %}{% if skip_reason is not None %}Patient skipped lethal means counseling due to following reasons: {{ skip_reason }}{% endif %}{% if any_means %} Patient reported being {{ means_willing }} to secure means and identified the following strategies as useful in their situation: General: {{ strategies_general }}, Firearm: {{ strategies_firearm }}, Medicine: {{ strategies_medicine }}, Places: {{ strategies_places }}, Other: {{ strategies_other }}, Custom: {{ strategies_custom }}.{% endif %}\r\n\r\n+ Sources of support in a crisis: {% if supportive_people %}{% for person in supportive_people %}\"{{ person.name }}\": {% if person.phone %}\"{{ person.phone }}\"{% else %}{{ quoted_no_entry_symbol }}{% endif %}{%  if not forloop.last %}; {% endif %}{% endfor %}{% else %}{{ quoted_no_entry_symbol }}{% endif %}\r\n\r\n+ Reasons for Living (ranked): \"{{ ranked_reasons_live }}\"\r\n\r\n+ Warning Signs: Patient said they know they're about to be in crisis when: Stress: {{ ws_stressors_oneline }}; Thoughts: {{ ws_thoughts_oneline }}; Feelings: {{ ws_feelings_oneline }}; Actions: {{ ws_actions_oneline }}.\r\n\r\n+ Coping Strategies: Patient identified the follow strategies as possibly helpful in a crisis: Body: {{ coping_body }}; Distract: {{ coping_distract }}; Help others: {{ coping_help_others }}; Courage: {{ coping_courage }}; Senses: {{ coping_senses }}\r\n\r\n+ Confidence in Ability to Use Coping Strategies (out of 100): {{ stability_confidence }}\r\n\r\n+ Readiness: When asked how ready they are to leave the emergency department, {% if readiness != READINESS_VERY_READY %}patient reported {{ readiness }} for discharge, citing \"{{ readiness_no }}\" as reason(s) for what would help to feel readier.{% else %}patient reported {{ readiness }} for discharge because: {{ readiness_yes_reasons }} Patient reported that what has changed since being in the ED is: \"{{ readiness_yes_changed }}\"{% endif %}\r\n\r\n+ Stability Plan to Take Home: Patient {{ tools_to_go_status }} initiated set up of Jaspr at Home to access an electronic version of their crisis stability plan and other resources available post-discharge.\r\n{% endif %}"
    }
  },
  {
    "model": "kiosk.notetemplate",
    "pk": 5,
    "fields": {
      "created": "2022-04-23T01:30:41.036Z",
      "modified": "2022-05-23T20:13:49.758Z",
      "status": "active",
      "name": "St Patricks Narrative Note",
      "template": "{% load tz %}\r\nPatient used a Jaspr Health tablet to provide the following self-reported suicide assessment. Clinician reviewed patient self-report. Text copied from Jaspr tool:\r\n\r\nPatient was offered the Jaspr Health tablet to assist delivery of evidence-based interventions to reduce suicide-related suffering and deaths.\r\n\r\nAssigned activities included:\r\n\r\n{% if has_suicide_assessment %}self-report of suicide risk assessment, {% endif %}{% if has_stability_plan or has_suicide_assessment%}lethal means counseling{% endif %}{% if has_stability_plan %}, safety planning, psychoeducation about behavioral skills to manage emotional distress, and hope generating insights from People with Lived Experience{% endif %}.\r\n\r\n==================================================================\r\nHas patient had any thoughts of harming self: {MSEYES/NO: 58190}\r\nIf yes, does patient have a plan: {MSEYES/NO/NA: 58191}\r\n\r\nCurrent suicide ideation: {{ suicidal_yes_no }}{% if suicidal_yes_no_describe %} described as \"{{ suicidal_yes_no_describe }}\"{% endif %} with frequency of {{ suicidal_freq }} times per {{ suicidal_freq_units }} that lasts for {{ length_suicidal_thought }}. These thoughts {{ worse_yes_no }} new or worse than usual baseline suicide ideation.\r\n\r\n{% for row in core_suicide_items_data%}\r\n{{ forloop.counter }} - {{row.0|title}} - {% if row.1 %}{{row.1}}{{\"/5\"}}{% else %}not answered{% endif %}\r\n{% if row.2 %}\"{{row.2}}\"{% endif %}{% endfor %}\r\n\r\n==================================================================\r\nPlan: {MSESUICIDEPLAN: 58388}\r\nIs there an intent to act on these thoughts: {MSEYES/NO/NA: 58191}\r\nHas patient acted on these thoughts in the past: {MSEYES/NO/NA: 58191}\r\n\r\nPlan: {{ plan_yes_no }}{% if plan_yes_no_describe %}, described as \"{{ plan_yes_no_describe }}\"{% endif %}. {% if steps_yes_no == None %}Patient did not answer whether they have or have not taken steps{% else %}Patient reported they {{ steps_yes_no }} taken steps{% endif %} to prepare a suicide attempt{% if plan_yes_no_describe %}, described as \"{{ steps_yes_no_describe }}\"{% endif %} and {% if practiced_yes_no is None %}did not answer whether they have or have not{% else %}reports they {{ practiced_yes_no }}{% endif %} practiced how they would take their life{% if practiced_yes_no_describe %} described as \"{{ practiced_yes_no_describe }}\"{% endif %}.\r\n\r\n==================================================================\r\nNumber of previous attempts: {MSENUMBEROFATTEMPTS: 58191}\r\n\r\nPast Suicide Attempt(s): Patient reported having attempted suicide {{ times_tried }}{% if times_tried_describe %} described as \"{{ times_tried_describe }}\"{% endif %}. They stated that they {{ current_yes_no }} here today because of a current suicide attempt{% if current_yes_no_describe %}, described as \"{{ current_yes_no_describe }}\"{% endif %} and that they {{ intent_yes_no }} made a past suicide attempt with intent to die{% if intent_yes_no_describe %} described as \"{{ intent_yes_no_describe }}\"{% endif %}.\r\n\r\nThe patient rated their overall risk to kill themselves as: {% if suicide_risk %}{{ suicide_risk }} {% else %}The patient did not rate their overall risk to kill themselves*{% endif %} on 1-will not kill self to 5-will kill self scale.\r\n\r\n==================================================================\r\nDoes patient have means readily available: {MSEYES/NO/NA: 58191}\r\n\r\nFirearm {{ firearms_yes_no }}{% if firearms_yes_no_describe %}, described as \"{{ firearms_yes_no_describe }}\"{% endif %}.\r\n\r\n==================================================================\r\nAccess to other weapons or means: {YES/NO/UNABLE :63230}\r\n\r\nOther means {{ means_yes_no }}{% if means_yes_no_describe %}, described as \"{{ means_yes_no_describe }}\"{% endif %}.\r\n\r\nWilling To Secure Means: {% if not anymeans and not skip_reason %}{{ quoted_no_entry_symbol }}{% elif skip_reason %}Patient skipped lethal means counseling due to following reasons: {{ skip_reason }}{% endif %}{% if any_means %} Patient reported being {{ means_willing }} to secure means and identified the following strategies as useful in their situation: {{all_strategies}}.{% endif %} Someone can help secure lethal means: {{means_support_yes_no}}; describe: {{means_support_who}}\r\n{% if has_stability_plan %}\r\n\r\nWhen asked about what led to urges to harm themselves that brought them here today, patient said: \"{{ crisis_desc }}\"\r\n\r\n==================================================================\r\nRisk Factors: {MSESUICIDERISK: 58387}\r\n\r\nOther self-reported information related to risk and history:\r\n+ Insomnia: {{ sleep_yes_no }}{% if sleep_yes_no_describe %}, described as \"{{ sleep_yes_no_describe }}\"{% endif %}\r\n+ Impulsive: {{ impulsive_yes_no }}{% if impulsive_yes_no_describe %}, described as \"{{ impulsive_yes_no_describe }}\"{% endif %}\r\n+ Loss: {{ losses_yes_no }}{% if losses_yes_no_describe %}, described as \"{{ losses_yes_no_describe }}\"{% endif %}\r\n+ Relationship Problems: {{ relationship_yes_no }}{% if relationship_yes_no_describe %}, described as \"{{ relationship_yes_no_describe }}\"{% endif %}\r\n+ Burden on Others: {{ burden_on_others_yes_no }}{% if burden_on_others_yes_no_describe %}, described as \"{{ burden_on_others_yes_no_describe }}\"{% endif %}\r\n+ Health or Physical Pain Problems: {{ health_yes_no }}{% if health_yes_no_describe %}, described as \"{{ health_yes_no_describe }}\"{% endif %}\r\n+ Legal or Financial Problems: {{ legal_yes_no }}{% if legal_yes_no_describe %}, described as \"{{ legal_yes_no_describe }}\"{% endif %}\r\n+ Shame about History or Current Life: {{ shame_yes_no }}{% if shame_yes_no_describe %}, described as \"{{ shame_yes_no_describe }}\"{% endif %}\r\n{% endif %}\r\n\r\n==================================================================\r\nRisk factors, cont.\r\n\r\nHigh risk demographics: history of intentional self-injury, substance use, past psychiatric hospitalization: Patient {{ nssi_yes_no }} report history of non-suicidal intentional self-injury.\r\nSubstance Abuse: {{ abuse_yes_no }}{% if abuse_yes_no_describe %}, described as \"{{ abuse_yes_no_describe }}\"{% endif %} Past hospitalization for a mental health or substance use problem: {{ hospitalized_yes_no }}{% if hospitalized_yes_no_describe %}, described as \"{{ hospitalized_yes_no_describe }}\"{% endif %}\"\r\n\r\n==================================================================\r\nProtective Risk Factors: {MSESUICIDEPROTECTIVE: 58396}\r\n\r\n{% if reasons_live %}The patient's reasons for living are: \"{{ reasons_live }}\"{% else %}The patient has missing data on reasons for living {% endif %} and {% if reasons_die %}reasons for dying are: \"{{ reasons_die }}\"{% else %}has missing data on reasons for dying.{% endif %} When asked about the one thing that would make you not suicidal patient said: \"{{ one_thing }}\". Sources of support in a crisis: {% if supportive_people %}{% for person in supportive_people %}\"{{ person.name }}\": {% if person.phone %}\"{{ person.phone }}\"{% else %}{{ quoted_no_entry_symbol }}{% endif %}{%  if not forloop.last %}; {% endif %}{% endfor %}{% else %}{{ quoted_no_entry_symbol }}{% endif %}\r\n\r\n==================================================================\r\nRisk level: {MSERISK: 61720}\r\n\r\nAgitation/distress: 1 (none at all) to 10 (highest ever)\r\n+ {{check_in_time0|timezone:timezone|date:'m/d/Y h:i A'}} Agitation: {{frustration0}} ; Distress: {{distress0}}\r\n+ {{check_in_time1|timezone:timezone|date:'m/d/Y h:i A'}} Agitation: {{frustration1}} ; Distress: {{distress1}}\r\n\r\n==================================================================\r\nCurrent Homicidal Risk: (thoughts, plan, intent to act, past act, previous attempts, means, risk factors, protective factors, risk level)\r\n\r\n==================================================================\r\nGrave Disability: (Pt gravely disabled, risk factors, risk level)\r\n\r\n==================================================================\r\nRisk Analysis: After review of all the relevant factors and placing these in the context of all observations and information available at this time, my judgment of the patient's overall risk is the following: {MSERISK: 61720}"
    }
  },
  {
    "model": "kiosk.notetemplate",
    "pk": 6,
    "fields": {
      "created": "2022-05-20T15:30:44.585Z",
      "modified": "2022-05-23T20:15:39.608Z",
      "status": "active",
      "name": "Allina Stability Plan",
      "template": "{% load tz %}Date of Access: {{ first_accessed|timezone:timezone|date:\"m/d/Y h:i A\" }} {{timezone_abbrev}}\r\nLast modified: {{csp_modified|timezone:timezone|date:\"m/d/Y h:i A\" }} {{timezone_abbrev}}\r\n\r\nJaspr Health tablet was used by {{patient_first_name}} {{patient_last_name}} to create the following crisis stability plan.\r\n\r\nMY STABILITY PLAN\r\n\r\n1.Immediate Steps to Take\r\nTo protect myself I plan to reduce access to my means. I will:\r\n{% if strategies_general_newline or strategies_firearm_newline or strategies_medicine_newline or strategies_places_newline or strategies_other_newline or strategies_custom_newline %}{% if strategies_general %}{{ strategies_general }}{% endif %}{% if strategies_firearm_newline %}\r\n\r\nFirearm:\r\n{{strategies_firearm_newline}}{% endif %}{% if strategies_medicine_newline %}\r\n\r\nMedicine:\r\n{{strategies_medicine_newline}}{% endif %}{% if strategies_places_newline %}\r\n\r\nPlaces:\r\n{{strategies_places_newline}}{% endif %}{% if strategies_other_newline %}\r\n\r\nOther:\r\n{{strategies_other_newline}}{% endif %}{% if strategies_custom_newline %}\r\n\r\nCustom:\r\n{{strategies_custom_newline}}{% endif %}{% else %}{{ no_entry_symbol }}{% endif %}\r\n\r\n\r\n2.Supportive People\r\nMy list of contacts who can help:\r\n{% if supportive_people %}{% for person in supportive_people %}{{ person.name }}: {% if person.phone %}{{ person.phone }}{% else %}{{ quoted_no_entry_symbol }}{% endif %}{% endfor %}{% else %}{{ quoted_no_entry_symbol }}{% endif %}\r\n\r\n\r\n3.Reasons for Living\r\n{% if has_reasons_live %}\r\n{{ ranked_reasons_live_numbered }}{% else %}{{ no_entry_symbol }}{% endif %}\r\n\r\n\r\n4.Recognize Warning Signs\r\nI know I'm about to be in a crisis when I experience:\r\n{% if ws_actions or ws_feelings or ws_thoughts or ws_stressors %}{% if ws_actions %}Actions:\r\n{{ws_actions}}{% endif %}{% if ws_feelings %}\r\nFeelings:\r\n{{ws_feelings}}{% endif %}{% if ws_thoughts %}\r\nThoughts:\r\n{{ws_thoughts}}{% endif %}{% if ws_stressors %}\r\nStressors:\r\n{{ws_stressors}}{% endif %}{% else %}{{no_entry_symbol}}{% endif %}\r\n\r\n\r\n5.Coping Strategies\r\nThe top strategies that help me cope:\r\n{% if coping_body_newline or coping_distract_newline or coping_help_others_newline or coping_courage_newline or coping_senses_newline %}{% if coping_body_newline %}Body:\r\n{{coping_body_newline}}{% endif %}{% if coping_distract_newline %}\r\n\r\nDistract:\r\n{{coping_distract_newline}}{% endif %}{% if coping_help_others_newline %}\r\n\r\nHelp Others:\r\n{{coping_help_others_newline}}{% endif %}{% if coping_courage_newline %}\r\n\r\nCourage:\r\n{{coping_courage_newline}}{% endif %}{% if coping_senses_newline %}\r\n\r\nSenses:\r\n{{coping_senses_newline}}{% endif %}{% else %}{{no_entry_symbol}}{% endif %}\r\n\r\nOther:\r\n+ Watch Jaspr Videos\r\n+ 24/7 National Hotline, call 1-800-273-8255, text 741741"
    }
  },
  {
    "model": "kiosk.notetemplate",
    "pk": 7,
    "fields": {
      "created": "2022-05-23T20:10:44.750Z",
      "modified": "2022-05-23T20:10:44.750Z",
      "status": "active",
      "name": "Swedish Edmonds Narrative Note",
      "template": "{% load tz %}\r\nPatient was offered the Jaspr Health tablet to assist delivery of evidence-based interventions to reduce suicide-related suffering and deaths. Text copied from Jaspr tool:\r\n\r\nAssigned activities included:\r\n\r\n{% if has_suicide_assessment %}self-report of suicide risk assessment, {% endif %}{% if has_stability_plan or has_suicide_assessment%}lethal means counseling{% endif %}{% if has_stability_plan %}, safety planning, psychoeducation about behavioral skills to manage emotional distress, and hope generating insights from People with Lived Experience{% endif %}.\r\n\r\n==================================================================\r\nCurrent suicidal ideation: {Suicidal Ideation:34627}\r\n==================================================================\r\nCurrent suicide ideation: {{ suicidal_yes_no }}{% if suicidal_yes_no_describe %}, described as \"{{ suicidal_yes_no_describe }}\"{% endif %} with frequency of {{ suicidal_freq }} times per {{ suicidal_freq_units }} that lasts for {{ length_suicidal_thought }}. These thoughts {{ worse_yes_no }} new or worse than usual baseline suicide ideation.\r\n\r\n==================================================================\r\nDescription of Thoughts: {N/A, WILDCARD:24137}\r\n==================================================================\r\n\r\n{% for row in core_suicide_items_data%}\r\n{{ forloop.counter }} - {{row.0|title}} - {% if row.1 %}{{row.1}}{{\"/5\"}}{% else %}not answered{% endif %}\r\n{% if row.2 %}{{row.2}}{% endif %}{% endfor %}\r\n\r\n==================================================================\r\nPlan: {SI Plan:34628}\r\n==================================================================\r\n\r\nPlan: {{ plan_yes_no }}{% if plan_yes_no_describe %}, described as \"{{ plan_yes_no_describe }}\"{% endif %}. {% if steps_yes_no == None %}Patient did not answer whether they have or have not taken steps{% else %}Patient reported they {{ steps_yes_no }} taken steps{% endif %} to prepare a suicide attempt{% if steps_yes_no_describe %}, described as \"{{ steps_yes_no_describe }}\"{% endif %} and {% if practiced_yes_no is None %}did not answer whether they have or have not{% else %}reports they {{ practiced_yes_no }}{% endif %} practiced how they would take their life{% if practiced_yes_no_describe %} described as \"{{ practiced_yes_no_describe }}\"{% endif %}.\r\n\r\n==================================================================\r\nIntent to act on plan: {Intent:34630}\r\n==================================================================\r\n\r\nThe patient rated their overall risk to kill themselves as: {% if suicide_risk %}{{ suicide_risk }} {% else %}The patient did not rate their overall risk to kill themselves*{% endif %} on 1-will not kill self to 5-will kill self scale.\r\n\r\n==================================================================\r\nAccess to firearms: {YES/NO/UNABLE :63230}\r\n==================================================================\r\n\r\nFirearm {{ firearms_yes_no }}{% if firearms_yes_no_describe %}, described as \"{{ firearms_yes_no_describe }}\"{% endif %}.\r\n\r\n==================================================================\r\nAccess to other weapons or means: {YES/NO/UNABLE :63230}\r\n==================================================================\r\n\r\nOther means {{ means_yes_no }}{% if firearms_yes_no_describe %}, described as \"{{ means_yes_no_describe }}\"{% endif %}.\r\n\r\nWilling To Secure Means: {% if not anymeans and not skip_reason %}{{ quoted_no_entry_symbol }}{% elif skip_reason %}Patient skipped lethal means counseling due to following reasons: {{ skip_reason }}{% endif %}{% if any_means %} Patient reported being {{ means_willing }} to secure means and identified the following strategies as useful in their situation: {{all_strategies}}.{% endif %} Someone can help secure lethal means: {{means_support_yes_no}}; describe: {{means_support_who}}\r\n{% if has_stability_plan %}\r\n\r\n==================================================================\r\nCurrent stressors associated with increased suicide risk: {Stressors:120012}\r\n==================================================================\r\n\r\nWhen asked about what led to urges to harm themselves that brought them here today, patient said: \"{{ crisis_desc }}\"\r\n\r\nOther self-reported information related to risk and history:\r\n+ Insomnia: {{ sleep_yes_no }}{% if sleep_yes_no_describe %}, described as \"{{ sleep_yes_no_describe }}\"{% endif %}\r\n+ Impulsive: {{ impulsive_yes_no }}{% if impulsive_yes_no_describe %}, described as \"{{ impulsive_yes_no_describe }}\"{% endif %}\r\n+ Loss: {{ losses_yes_no }}{% if losses_yes_no_describe %}, described as \"{{ losses_yes_no_describe }}\"{% endif %}\r\n+ Relationship Problems: {{ relationship_yes_no }}{% if relationship_yes_no_describe %}, described as \"{{ relationship_yes_no_describe }}\"{% endif %}\r\n+ Burden on Others: {{ burden_on_others_yes_no }}{% if burden_on_others_yes_no_describe %}, described as \"{{ burden_on_others_yes_no_describe }}\"{% endif %}\r\n+ Health or Physical Pain Problems: {{ health_yes_no }}{% if health_yes_no_describe %}, described as \"{{ health_yes_no_describe }}\"{% endif %}\r\n+ Legal or Financial Problems: {{ legal_yes_no }}{% if legal_yes_no_describe %}, described as \"{{ legal_yes_no_describe }}\"{% endif %}\r\n+ Shame about History or Current Life: {{ shame_yes_no }}{% if shame_yes_no_describe %}, described as \"{{ shame_yes_no_describe }}\"{% endif %}\r\n{% endif %}\r\n\r\n==================================================================\r\nHigh risk demographics identified: {riskfactors:34664}\r\n==================================================================\r\n\r\nHigh risk demographics: history of intentional self-injury, substance use, past psychiatric hospitalization: Patient {{ nssi_yes_no }} report history of non-suicidal intentional self-injury.\r\nSubstance Abuse: {{ abuse_yes_no }}{% if abuse_yes_no_describe %}, described as \"{{ abuse_yes_no_describe }}\"{% endif %} Past hospitalization for a mental health or substance use problem: {{ hospitalized_yes_no }}{% if abuse_yes_no_describe %}, described as \"{{ hospitalized_yes_no_describe }}\"{% endif %}\r\n\r\n==================================================================\r\nProtective factors: {AMB General Protective Factors:27501}\r\n==================================================================\r\n\r\n{% if reasons_live %}The patient's reasons for living are: \"{{ reasons_live }}\"{% else %}The patient has missing data on reasons for living {% endif %} and {% if reasons_die %}reasons for dying are: \"{{ reasons_die }}\"{% else %}has missing data on reasons for dying.{% endif %} When asked about the one thing that would make you not suicidal patient said: \"{{ one_thing }}\". Sources of support in a crisis: {% if supportive_people %}{% for person in supportive_people %}\"{{ person.name }}\": {% if person.phone %}\"{{ person.phone }}\"{% else %}{{ quoted_no_entry_symbol }}{% endif %}{%  if not forloop.last %}; {% endif %}{% endfor %}{% else %}{{ quoted_no_entry_symbol }}{% endif %}\r\n\r\n==================================================================\r\nHistory of Suicide Attempts:{YES/NO/UNABLE :63230}\r\n==================================================================\r\n\r\nPast Suicide Attempt(s): Patient reported having attempted suicide {{ times_tried }}{% if times_tried_describe %} described as \"{{ times_tried_describe }}\"{% endif %}. They stated that they {{ current_yes_no }} here today because of a current suicide attempt{% if current_yes_no_describe %}, described as \"{{ current_yes_no_describe }}\"{% endif %} and that they {{ intent_yes_no }} made a past suicide attempt with intent to die{% if intent_yes_no_describe %} described as \"{{ intent_yes_no_describe }}\"{% endif %}.\r\n\r\n==================================================================\r\nCurrent Support System: ***\r\n==================================================================\r\n\r\nJaspr collects this in Safety Plan, not Suicide Risk Assessment.\r\n\r\n==================================================================\r\nCrisis Safety Plan\r\n==================================================================\r\n\r\n+ Sources of support in a crisis: {% if supportive_people %}{% for person in supportive_people %}\"{{ person.name }}\": {% if person.phone %}\"{{ person.phone }}\"{% else %}{{ quoted_no_entry_symbol }}{% endif %}{%  if not forloop.last %}; {% endif %}{% endfor %}{% else %}{{ quoted_no_entry_symbol }}{% endif %}\r\n\r\n+ Reasons for Living (ranked): \"{{ ranked_reasons_live }}\"\r\n\r\n+ Warning Signs: Patient said they know they're about to be in crisis when: Stress: {{ ws_stressors_oneline }}; Thoughts: {{ ws_thoughts_oneline }}; Feelings: {{ ws_feelings_oneline }}; Actions: {{ ws_actions_oneline }}.\r\n\r\n+ Coping Strategies: Patient identified the follow strategies as possibly helpful in a crisis: Body: {{ coping_body }}; Distract: {{ coping_distract }}; Help others: {{ coping_help_others }}; Courage: {{ coping_courage }}; Senses: {{ coping_senses }}\r\n\r\n+ Confidence in Ability to Use Coping Strategies (out of 100): {{ stability_confidence }}\r\n\r\n+ Readiness: When asked how ready they are to leave the emergency department, {% if readiness != READINESS_VERY_READY %}patient reported {{ readiness }} for discharge, citing \"{{ readiness_no }}\" as reason(s) for what would help to feel readier.{% else %}patient reported {{ readiness }} for discharge because: {{ readiness_yes_reasons }} Patient reported that what has changed since being in the ED is: \"{{ readiness_yes_changed }}\"{% endif %}\r\n\r\n+ Stability Plan to Take Home: Patient {{ tools_to_go_status }} initiated set up of Jaspr at Home to access an electronic version of their crisis stability plan and other resources available post-discharge.\r\n\r\n==================================================================\r\nAgitation/distress\r\n==================================================================\r\n\r\nAgitation/distress: 1 (none at all) to 10 (highest ever)\r\n+ {{check_in_time0|timezone:timezone|date:'m/d/Y h:i A'}} Agitation: {{frustration0}} ; Distress: {{distress0}}\r\n+ {{check_in_time1|timezone:timezone|date:'m/d/Y h:i A'}} Agitation: {{frustration1}} ; Distress: {{distress1}}\r\n\r\n==================================================================\r\nTrauma History (yes/not reported):  ***\r\n==================================================================\r\n\r\nJaspr does not currently collect this information\r\n\r\n==================================================================\r\nFamily History of Mental Health: ***\r\n==================================================================\r\n\r\nJaspr does not currently collect this information\r\n\r\n==================================================================\r\nLethality of plan (clinician's assessment based on patient's description): {Lethality:40103}\r\n==================================================================\r\n\r\nThis is clinician judgment. Jaspr will not provide."
    }
  },
  {
    "model": "kiosk.person",
    "pk": 1,
    "fields": {
      "created": "2020-05-20T17:06:25.411Z",
      "modified": "2020-06-02T21:01:58.993Z",
      "status": "active",
      "name": "Ashley",
      "image_1x": "Ashley.png",
      "image_2x": "Ashley2x.png",
      "image_3x": "Ashley3x.png",
      "label_color": "",
      "order": 10
    }
  },
  {
    "model": "kiosk.person",
    "pk": 2,
    "fields": {
      "created": "2020-06-02T20:56:29.545Z",
      "modified": "2020-06-02T21:01:46.897Z",
      "status": "active",
      "name": "Kelechi",
      "image_1x": "Kelechi.png",
      "image_2x": "Kelechi2x.png",
      "image_3x": "Kelechi3x.png",
      "label_color": "",
      "order": 20
    }
  },
  {
    "model": "kiosk.person",
    "pk": 3,
    "fields": {
      "created": "2020-06-02T21:13:22.882Z",
      "modified": "2020-06-02T21:15:21.346Z",
      "status": "active",
      "name": "Topher",
      "image_1x": "Topher.png",
      "image_2x": "Topher2x.png",
      "image_3x": "Topher3x.png",
      "label_color": "",
      "order": 30
    }
  },
  {
    "model": "kiosk.person",
    "pk": 4,
    "fields": {
      "created": "2020-06-02T21:17:27.337Z",
      "modified": "2020-06-02T21:17:27.337Z",
      "status": "active",
      "name": "Beth",
      "image_1x": "Beth.png",
      "image_2x": "Beth2x.png",
      "image_3x": "Beth3x.png",
      "label_color": "",
      "order": 40
    }
  },
  {
    "model": "kiosk.person",
    "pk": 5,
    "fields": {
      "created": "2020-06-02T21:21:23.860Z",
      "modified": "2020-06-02T21:21:23.860Z",
      "status": "active",
      "name": "Jim",
      "image_1x": "Jim.png",
      "image_2x": "Jim2x.png",
      "image_3x": "Jim3x.png",
      "label_color": "",
      "order": 50
    }
  },
  {
    "model": "kiosk.person",
    "pk": 6,
    "fields": {
      "created": "2020-06-02T21:25:17.136Z",
      "modified": "2020-06-02T21:25:17.136Z",
      "status": "active",
      "name": "Emmy",
      "image_1x": "Emmy.png",
      "image_2x": "Emmy2x.png",
      "image_3x": "Emmy3x.png",
      "label_color": "",
      "order": 60
    }
  },
  {
    "model": "kiosk.person",
    "pk": 7,
    "fields": {
      "created": "2020-06-02T21:37:57.453Z",
      "modified": "2020-06-02T21:37:57.453Z",
      "status": "active",
      "name": "Thai",
      "image_1x": "Thai.png",
      "image_2x": "Thai2x.png",
      "image_3x": "Thai3x.png",
      "label_color": "",
      "order": 70
    }
  },
  {
    "model": "kiosk.person",
    "pk": 8,
    "fields": {
      "created": "2020-06-02T21:39:41.554Z",
      "modified": "2020-06-02T21:39:41.554Z",
      "status": "active",
      "name": "Charles",
      "image_1x": "Charles.png",
      "image_2x": "Charles2x.png",
      "image_3x": "Charles3x.png",
      "label_color": "",
      "order": 80
    }
  },
  {
    "model": "kiosk.person",
    "pk": 9,
    "fields": {
      "created": "2020-06-02T21:41:32.159Z",
      "modified": "2020-06-02T21:41:32.159Z",
      "status": "active",
      "name": "Diana",
      "image_1x": "Diana.png",
      "image_2x": "Diana2x.png",
      "image_3x": "Diana3x.png",
      "label_color": "",
      "order": 90
    }
  },
  {
    "model": "kiosk.person",
    "pk": 10,
    "fields": {
      "created": "2020-06-02T22:06:04.910Z",
      "modified": "2020-06-02T22:06:13.223Z",
      "status": "active",
      "name": "Lisa",
      "image_1x": "Lisa.png",
      "image_2x": "Lisa2x.png",
      "image_3x": "Lisa3x.png",
      "label_color": "",
      "order": 110
    }
  },
  {
    "model": "kiosk.person",
    "pk": 11,
    "fields": {
      "created": "2020-06-02T22:07:44.230Z",
      "modified": "2020-06-02T22:07:44.230Z",
      "status": "active",
      "name": "Ursula",
      "image_1x": "Ursula.png",
      "image_2x": "Ursula2x.png",
      "image_3x": "Ursula3x.png",
      "label_color": "",
      "order": 100
    }
  },
  {
    "model": "kiosk.sharedstory",
    "pk": 1,
    "fields": {
      "created": "2020-05-20T17:09:09.958Z",
      "modified": "2020-06-02T21:03:05.136Z",
      "status": "active",
      "person": 1,
      "topic": 1,
      "video": 14,
      "order": 10
    }
  },
  {
    "model": "kiosk.sharedstory",
    "pk": 2,
    "fields": {
      "created": "2020-05-20T17:09:50.139Z",
      "modified": "2020-06-02T21:03:05.129Z",
      "status": "active",
      "person": 1,
      "topic": 2,
      "video": 13,
      "order": 20
    }
  },
  {
    "model": "kiosk.sharedstory",
    "pk": 3,
    "fields": {
      "created": "2020-05-20T17:10:03.684Z",
      "modified": "2020-06-02T21:03:05.122Z",
      "status": "active",
      "person": 1,
      "topic": 3,
      "video": 10,
      "order": 80
    }
  },
  {
    "model": "kiosk.sharedstory",
    "pk": 4,
    "fields": {
      "created": "2020-05-20T17:10:24.630Z",
      "modified": "2020-06-02T21:03:05.115Z",
      "status": "active",
      "person": 1,
      "topic": 4,
      "video": 48,
      "order": 60
    }
  },
  {
    "model": "kiosk.sharedstory",
    "pk": 5,
    "fields": {
      "created": "2020-05-20T17:10:36.967Z",
      "modified": "2020-06-02T21:03:05.108Z",
      "status": "active",
      "person": 1,
      "topic": 5,
      "video": 49,
      "order": 50
    }
  },
  {
    "model": "kiosk.sharedstory",
    "pk": 6,
    "fields": {
      "created": "2020-05-20T17:10:49.277Z",
      "modified": "2020-06-02T21:03:05.101Z",
      "status": "active",
      "person": 1,
      "topic": 6,
      "video": 169,
      "order": 30
    }
  },
  {
    "model": "kiosk.sharedstory",
    "pk": 7,
    "fields": {
      "created": "2020-05-20T17:10:59.592Z",
      "modified": "2020-06-02T21:03:05.090Z",
      "status": "active",
      "person": 1,
      "topic": 7,
      "video": 170,
      "order": 70
    }
  },
  {
    "model": "kiosk.sharedstory",
    "pk": 8,
    "fields": {
      "created": "2020-06-02T21:01:46.866Z",
      "modified": "2020-06-02T21:01:46.866Z",
      "status": "active",
      "person": 2,
      "topic": 5,
      "video": 43,
      "order": 50
    }
  },
  {
    "model": "kiosk.sharedstory",
    "pk": 9,
    "fields": {
      "created": "2020-06-02T21:01:46.867Z",
      "modified": "2020-06-02T21:01:46.867Z",
      "status": "active",
      "person": 2,
      "topic": 7,
      "video": 6,
      "order": 70
    }
  },
  {
    "model": "kiosk.sharedstory",
    "pk": 10,
    "fields": {
      "created": "2020-06-02T21:01:46.868Z",
      "modified": "2020-06-02T21:01:46.868Z",
      "status": "active",
      "person": 2,
      "topic": 2,
      "video": 12,
      "order": 20
    }
  },
  {
    "model": "kiosk.sharedstory",
    "pk": 11,
    "fields": {
      "created": "2020-06-02T21:01:46.869Z",
      "modified": "2020-06-02T21:01:46.869Z",
      "status": "active",
      "person": 2,
      "topic": 6,
      "video": 7,
      "order": 30
    }
  },
  {
    "model": "kiosk.sharedstory",
    "pk": 12,
    "fields": {
      "created": "2020-06-02T21:01:46.870Z",
      "modified": "2020-06-02T21:01:46.870Z",
      "status": "active",
      "person": 2,
      "topic": 1,
      "video": 9,
      "order": 10
    }
  },
  {
    "model": "kiosk.sharedstory",
    "pk": 13,
    "fields": {
      "created": "2020-06-02T21:15:21.307Z",
      "modified": "2020-06-02T21:15:21.307Z",
      "status": "active",
      "person": 3,
      "topic": 3,
      "video": 11,
      "order": 80
    }
  },
  {
    "model": "kiosk.sharedstory",
    "pk": 14,
    "fields": {
      "created": "2020-06-02T21:15:21.308Z",
      "modified": "2020-06-02T21:15:21.308Z",
      "status": "active",
      "person": 3,
      "topic": 6,
      "video": 8,
      "order": 30
    }
  },
  {
    "model": "kiosk.sharedstory",
    "pk": 15,
    "fields": {
      "created": "2020-06-02T21:15:21.309Z",
      "modified": "2020-06-02T21:15:21.309Z",
      "status": "active",
      "person": 3,
      "topic": 1,
      "video": 15,
      "order": 10
    }
  },
  {
    "model": "kiosk.sharedstory",
    "pk": 16,
    "fields": {
      "created": "2020-06-02T21:15:21.310Z",
      "modified": "2020-06-02T21:15:21.310Z",
      "status": "active",
      "person": 3,
      "topic": 2,
      "video": 45,
      "order": 20
    }
  },
  {
    "model": "kiosk.sharedstory",
    "pk": 17,
    "fields": {
      "created": "2020-06-02T21:15:21.312Z",
      "modified": "2020-06-02T21:15:21.312Z",
      "status": "active",
      "person": 3,
      "topic": 4,
      "video": 50,
      "order": 60
    }
  },
  {
    "model": "kiosk.sharedstory",
    "pk": 18,
    "fields": {
      "created": "2020-06-02T21:15:21.313Z",
      "modified": "2020-06-02T21:15:21.313Z",
      "status": "active",
      "person": 3,
      "topic": 5,
      "video": 54,
      "order": 50
    }
  },
  {
    "model": "kiosk.sharedstory",
    "pk": 19,
    "fields": {
      "created": "2020-06-02T21:17:27.347Z",
      "modified": "2020-06-02T21:17:27.347Z",
      "status": "active",
      "person": 4,
      "topic": 4,
      "video": 47,
      "order": 60
    }
  },
  {
    "model": "kiosk.sharedstory",
    "pk": 20,
    "fields": {
      "created": "2020-06-02T21:17:27.348Z",
      "modified": "2020-06-02T21:17:27.348Z",
      "status": "active",
      "person": 4,
      "topic": 6,
      "video": 52,
      "order": 30
    }
  },
  {
    "model": "kiosk.sharedstory",
    "pk": 21,
    "fields": {
      "created": "2020-06-02T21:17:27.349Z",
      "modified": "2020-06-02T21:17:27.349Z",
      "status": "active",
      "person": 4,
      "topic": 3,
      "video": 163,
      "order": 80
    }
  },
  {
    "model": "kiosk.sharedstory",
    "pk": 22,
    "fields": {
      "created": "2020-06-02T21:17:27.350Z",
      "modified": "2020-06-02T21:17:27.350Z",
      "status": "active",
      "person": 4,
      "topic": 1,
      "video": 174,
      "order": 10
    }
  },
  {
    "model": "kiosk.sharedstory",
    "pk": 23,
    "fields": {
      "created": "2020-06-02T21:21:23.871Z",
      "modified": "2020-06-02T21:21:23.871Z",
      "status": "active",
      "person": 5,
      "topic": 8,
      "video": 178,
      "order": 40
    }
  },
  {
    "model": "kiosk.sharedstory",
    "pk": 24,
    "fields": {
      "created": "2020-06-02T21:21:23.872Z",
      "modified": "2020-06-02T21:21:23.872Z",
      "status": "active",
      "person": 5,
      "topic": 7,
      "video": 179,
      "order": 70
    }
  },
  {
    "model": "kiosk.sharedstory",
    "pk": 25,
    "fields": {
      "created": "2020-06-02T21:21:23.873Z",
      "modified": "2020-06-02T21:21:23.873Z",
      "status": "active",
      "person": 5,
      "topic": 1,
      "video": 180,
      "order": 10
    }
  },
  {
    "model": "kiosk.sharedstory",
    "pk": 26,
    "fields": {
      "created": "2020-06-02T21:21:23.874Z",
      "modified": "2020-06-02T21:21:23.874Z",
      "status": "active",
      "person": 5,
      "topic": 2,
      "video": 181,
      "order": 20
    }
  },
  {
    "model": "kiosk.sharedstory",
    "pk": 27,
    "fields": {
      "created": "2020-06-02T21:21:23.876Z",
      "modified": "2020-06-02T21:21:23.876Z",
      "status": "active",
      "person": 5,
      "topic": 3,
      "video": 182,
      "order": 80
    }
  },
  {
    "model": "kiosk.sharedstory",
    "pk": 28,
    "fields": {
      "created": "2020-06-02T21:25:17.146Z",
      "modified": "2020-06-02T21:25:17.146Z",
      "status": "active",
      "person": 6,
      "topic": 7,
      "video": 155,
      "order": 70
    }
  },
  {
    "model": "kiosk.sharedstory",
    "pk": 29,
    "fields": {
      "created": "2020-06-02T21:25:17.147Z",
      "modified": "2020-06-02T21:25:17.147Z",
      "status": "active",
      "person": 6,
      "topic": 6,
      "video": 158,
      "order": 30
    }
  },
  {
    "model": "kiosk.sharedstory",
    "pk": 30,
    "fields": {
      "created": "2020-06-02T21:25:17.148Z",
      "modified": "2020-06-02T21:25:17.148Z",
      "status": "active",
      "person": 6,
      "topic": 2,
      "video": 160,
      "order": 20
    }
  },
  {
    "model": "kiosk.sharedstory",
    "pk": 31,
    "fields": {
      "created": "2020-06-02T21:25:17.150Z",
      "modified": "2020-06-02T21:25:17.150Z",
      "status": "active",
      "person": 6,
      "topic": 1,
      "video": 162,
      "order": 10
    }
  },
  {
    "model": "kiosk.sharedstory",
    "pk": 32,
    "fields": {
      "created": "2020-06-02T21:25:17.151Z",
      "modified": "2020-06-02T21:25:17.151Z",
      "status": "active",
      "person": 6,
      "topic": 8,
      "video": 164,
      "order": 40
    }
  },
  {
    "model": "kiosk.sharedstory",
    "pk": 33,
    "fields": {
      "created": "2020-06-02T21:25:17.152Z",
      "modified": "2020-06-02T21:25:17.152Z",
      "status": "active",
      "person": 6,
      "topic": 3,
      "video": 171,
      "order": 80
    }
  },
  {
    "model": "kiosk.sharedstory",
    "pk": 34,
    "fields": {
      "created": "2020-06-02T21:37:57.465Z",
      "modified": "2020-06-02T21:37:57.465Z",
      "status": "active",
      "person": 7,
      "topic": 6,
      "video": 156,
      "order": 30
    }
  },
  {
    "model": "kiosk.sharedstory",
    "pk": 35,
    "fields": {
      "created": "2020-06-02T21:37:57.466Z",
      "modified": "2020-06-02T21:37:57.466Z",
      "status": "active",
      "person": 7,
      "topic": 8,
      "video": 157,
      "order": 40
    }
  },
  {
    "model": "kiosk.sharedstory",
    "pk": 36,
    "fields": {
      "created": "2020-06-02T21:37:57.467Z",
      "modified": "2020-06-02T21:37:57.467Z",
      "status": "active",
      "person": 7,
      "topic": 2,
      "video": 159,
      "order": 20
    }
  },
  {
    "model": "kiosk.sharedstory",
    "pk": 37,
    "fields": {
      "created": "2020-06-02T21:37:57.469Z",
      "modified": "2020-06-02T21:37:57.469Z",
      "status": "active",
      "person": 7,
      "topic": 3,
      "video": 167,
      "order": 80
    }
  },
  {
    "model": "kiosk.sharedstory",
    "pk": 38,
    "fields": {
      "created": "2020-06-02T21:37:57.470Z",
      "modified": "2020-06-02T21:37:57.470Z",
      "status": "active",
      "person": 7,
      "topic": 4,
      "video": 172,
      "order": 60
    }
  },
  {
    "model": "kiosk.sharedstory",
    "pk": 39,
    "fields": {
      "created": "2020-06-02T21:37:57.471Z",
      "modified": "2020-06-02T21:37:57.471Z",
      "status": "active",
      "person": 7,
      "topic": 1,
      "video": 173,
      "order": 10
    }
  },
  {
    "model": "kiosk.sharedstory",
    "pk": 40,
    "fields": {
      "created": "2020-06-02T21:39:41.562Z",
      "modified": "2020-06-02T21:39:41.562Z",
      "status": "active",
      "person": 8,
      "topic": 2,
      "video": 175,
      "order": 20
    }
  },
  {
    "model": "kiosk.sharedstory",
    "pk": 41,
    "fields": {
      "created": "2020-06-02T21:41:32.169Z",
      "modified": "2020-06-02T21:41:32.169Z",
      "status": "active",
      "person": 9,
      "topic": 7,
      "video": 44,
      "order": 70
    }
  },
  {
    "model": "kiosk.sharedstory",
    "pk": 42,
    "fields": {
      "created": "2020-06-02T21:41:32.170Z",
      "modified": "2020-06-02T21:41:32.170Z",
      "status": "active",
      "person": 9,
      "topic": 6,
      "video": 46,
      "order": 30
    }
  },
  {
    "model": "kiosk.sharedstory",
    "pk": 43,
    "fields": {
      "created": "2020-06-02T21:41:32.171Z",
      "modified": "2020-06-02T21:41:32.171Z",
      "status": "active",
      "person": 9,
      "topic": 3,
      "video": 53,
      "order": 80
    }
  },
  {
    "model": "kiosk.sharedstory",
    "pk": 44,
    "fields": {
      "created": "2020-06-02T21:41:32.172Z",
      "modified": "2020-06-02T21:41:32.172Z",
      "status": "active",
      "person": 9,
      "topic": 1,
      "video": 168,
      "order": 10
    }
  },
  {
    "model": "kiosk.sharedstory",
    "pk": 45,
    "fields": {
      "created": "2020-06-02T21:41:32.173Z",
      "modified": "2020-06-02T21:41:32.173Z",
      "status": "active",
      "person": 9,
      "topic": 5,
      "video": 177,
      "order": 50
    }
  },
  {
    "model": "kiosk.sharedstory",
    "pk": 46,
    "fields": {
      "created": "2020-06-02T22:06:04.918Z",
      "modified": "2020-06-02T22:06:13.226Z",
      "status": "active",
      "person": 10,
      "topic": 7,
      "video": 51,
      "order": 70
    }
  },
  {
    "model": "kiosk.sharedstory",
    "pk": 47,
    "fields": {
      "created": "2020-06-02T22:07:44.239Z",
      "modified": "2020-06-02T22:07:44.239Z",
      "status": "active",
      "person": 11,
      "topic": 8,
      "video": 176,
      "order": 40
    }
  },
  {
    "model": "kiosk.sharedstory",
    "pk": 48,
    "fields": {
      "created": "2020-06-02T22:07:44.241Z",
      "modified": "2020-06-02T22:07:44.241Z",
      "status": "active",
      "person": 11,
      "topic": 7,
      "video": 185,
      "order": 70
    }
  },
  {
    "model": "kiosk.sharedstory",
    "pk": 49,
    "fields": {
      "created": "2020-06-17T16:12:31.576Z",
      "modified": "2020-06-17T16:12:31.576Z",
      "status": "active",
      "person": 3,
      "topic": 9,
      "video": 204,
      "order": 65
    }
  },
  {
    "model": "kiosk.topic",
    "pk": 1,
    "fields": {
      "created": "2020-05-20T17:07:05.354Z",
      "modified": "2020-06-02T21:38:46.754Z",
      "status": "active",
      "name": "My Story",
      "order": 10,
      "label_color": ""
    }
  },
  {
    "model": "kiosk.topic",
    "pk": 2,
    "fields": {
      "created": "2020-05-20T17:07:16.367Z",
      "modified": "2020-06-02T21:38:46.751Z",
      "status": "active",
      "name": "My Wish for You",
      "order": 20,
      "label_color": ""
    }
  },
  {
    "model": "kiosk.topic",
    "pk": 3,
    "fields": {
      "created": "2020-05-20T17:07:32.714Z",
      "modified": "2020-06-02T21:38:46.747Z",
      "status": "active",
      "name": "What I Do to Stay Well",
      "order": 80,
      "label_color": ""
    }
  },
  {
    "model": "kiosk.topic",
    "pk": 4,
    "fields": {
      "created": "2020-05-20T17:07:39.237Z",
      "modified": "2020-06-02T21:38:46.763Z",
      "status": "active",
      "name": "Surviving the ER",
      "order": 60,
      "label_color": ""
    }
  },
  {
    "model": "kiosk.topic",
    "pk": 5,
    "fields": {
      "created": "2020-05-20T17:07:48.390Z",
      "modified": "2020-06-02T21:38:46.759Z",
      "status": "active",
      "name": "My ER Experience",
      "order": 50,
      "label_color": ""
    }
  },
  {
    "model": "kiosk.topic",
    "pk": 6,
    "fields": {
      "created": "2020-05-20T17:07:57.746Z",
      "modified": "2020-06-02T21:38:46.743Z",
      "status": "active",
      "name": "Relationship to Suicide",
      "order": 30,
      "label_color": ""
    }
  },
  {
    "model": "kiosk.topic",
    "pk": 7,
    "fields": {
      "created": "2020-05-20T17:08:04.734Z",
      "modified": "2020-06-02T21:38:46.594Z",
      "status": "active",
      "name": "Going Home",
      "order": 70,
      "label_color": ""
    }
  },
  {
    "model": "kiosk.topic",
    "pk": 8,
    "fields": {
      "created": "2020-05-20T17:08:38.805Z",
      "modified": "2020-06-02T21:38:46.767Z",
      "status": "active",
      "name": "Coping with Shame",
      "order": 40,
      "label_color": ""
    }
  },
  {
    "model": "kiosk.topic",
    "pk": 9,
    "fields": {
      "created": "2020-06-17T16:12:31.570Z",
      "modified": "2020-06-17T16:12:31.570Z",
      "status": "active",
      "name": "Supportive People",
      "order": 15,
      "label_color": ""
    }
  },
  {
    "model": "jah.commonconcern",
    "pk": 1,
    "fields": {
      "created": "2020-04-30T19:11:54.367Z",
      "modified": "2020-06-02T15:21:36.768Z",
      "status": "active",
      "title": "I just want to chat",
      "content": "People call the crisis line for all kinds of reasons, including to chat. A common myth is that people only call crises lines when they are completely overwhelmed and in crisis. While it's true that people do call crisis lines when in crises, it's definitely not the only time. You might, for example, have a sense that something is up and you need to talk it through. It could be that you've encountered a warning signal and you know yourself well enough to know that if you don't talk it through, the problem may get more challenging to handle.",
      "order": 10
    }
  },
  {
    "model": "jah.commonconcern",
    "pk": 2,
    "fields": {
      "created": "2020-04-30T19:12:13.239Z",
      "modified": "2020-06-02T15:21:36.877Z",
      "status": "active",
      "title": "Don't want police called",
      "content": "In the vast majority of cases, the police are not called. In cases where a person is actively suicidal and threatening imminent harm to themselves, the crisis counselor will work with that caller to review all options and, if a call to the police is necessary, ideally make that decision together. While no one likes that scenario, it truly is the best, lifesaving thing a crisis counselor can do in a small number of cases. The goal of a suicide crisis line is to genuinely help you with your personal crisis, not to take away your rights or cause you harm.",
      "order": 30
    }
  },
  {
    "model": "jah.commonconcern",
    "pk": 3,
    "fields": {
      "created": "2020-04-30T19:12:23.774Z",
      "modified": "2020-06-02T15:21:36.870Z",
      "status": "active",
      "title": "Thoughts too intense",
      "content": "Sometimes people don't call the crisis line because their thoughts or emotions feel too out of control. They fear that the person on the phone won't be able to handle their overwhelming emotions or that the intensity of how they feel will get in the way of being able to talk: What if I start yelling or crying so much it's hard to speak, or I can't find my words? Most crisis line workers have a lot of experience talking to people who are experiencing intense emotions. They can stay on the line with you as long as it takes for you work through your emotions so you can communicate what matters most to you and get the support you need.",
      "order": 20
    }
  },
  {
    "model": "jah.commonconcern",
    "pk": 4,
    "fields": {
      "created": "2020-04-30T19:12:37.560Z",
      "modified": "2020-06-02T15:21:36.881Z",
      "status": "active",
      "title": "Don't trust professionals",
      "content": "Crisis lines are often staffed by a range of people, including peers (people who have had their own struggles) who are now in a place in their life to help other people and other volunteers. You can always request to speak to a peer or an unpaid volunteer who is not a therapist. You can always end the call if you don't connect or ask for a different person It is more than okay to advocate for yourself to get to the right person.",
      "order": 50
    }
  },
  {
    "model": "jah.commonconcern",
    "pk": 5,
    "fields": {
      "created": "2020-04-30T19:12:53.618Z",
      "modified": "2020-06-02T15:21:36.873Z",
      "status": "active",
      "title": "Can't talk on the phone",
      "content": "You are in good company. For exactly that reason, it's now possible to text most crisis lines.",
      "order": 30
    }
  },
  {
    "model": "jah.conversationstarter",
    "pk": 1,
    "fields": {
      "created": "2020-04-30T19:08:11.884Z",
      "modified": "2022-05-03T15:30:08.184Z",
      "status": "active",
      "content": "Do you have space to listen to what's going on for me? You don't need to solve anything. Just listening would be super helpful.",
      "order": 20
    }
  },
  {
    "model": "jah.conversationstarter",
    "pk": 2,
    "fields": {
      "created": "2020-04-30T19:08:21.076Z",
      "modified": "2022-05-03T15:29:43.149Z",
      "status": "active",
      "content": "How is your week going? What's new?",
      "order": 60
    }
  },
  {
    "model": "jah.conversationstarter",
    "pk": 3,
    "fields": {
      "created": "2020-04-30T19:08:27.488Z",
      "modified": "2020-06-02T15:25:46.669Z",
      "status": "active",
      "content": "I am going through a lot right now. Do you have a few moments?",
      "order": 50
    }
  },
  {
    "model": "jah.conversationstarter",
    "pk": 4,
    "fields": {
      "created": "2020-04-30T19:08:33.203Z",
      "modified": "2020-06-02T15:25:46.667Z",
      "status": "active",
      "content": "I'm having a challenging day, and I was wondering if you could spend some time on the phone with me.",
      "order": 40
    }
  },
  {
    "model": "jah.conversationstarter",
    "pk": 5,
    "fields": {
      "created": "2020-04-30T19:08:41.656Z",
      "modified": "2020-06-02T15:25:46.664Z",
      "status": "active",
      "content": "You know how you and I talked about me calling you when I am struggling? I am definitely having that day. Do you have a few minutes?",
      "order": 30
    }
  },
  {
    "model": "jah.conversationstarter",
    "pk": 6,
    "fields": {
      "created": "2020-06-02T15:23:41.183Z",
      "modified": "2020-06-02T15:25:46.656Z",
      "status": "active",
      "content": "Hey there. It's me (your name). Do you have a few minutes to chat or are you in the midst of something else?",
      "order": 10
    }
  },
  {
    "model": "jah.conversationstarter",
    "pk": 7,
    "fields": {
      "created": "2020-06-02T15:25:32.552Z",
      "modified": "2020-06-02T15:25:46.674Z",
      "status": "active",
      "content": "Thank you so much for talking with me. I really appreciate it.",
      "order": 70
    }
  },
  {
    "model": "stability_plan.walkthrough",
    "pk": 1,
    "fields": {
      "created": "2020-05-22T14:54:08.614Z",
      "modified": "2020-05-22T14:54:08.614Z",
      "status": "active",
      "name": "Default"
    }
  },
  {
    "model": "stability_plan.walkthrough",
    "pk": 3,
    "fields": {
      "created": "2020-06-01T20:22:23.172Z",
      "modified": "2020-06-01T20:22:28.220Z",
      "status": "draft",
      "name": "emma test"
    }
  },
  {
    "model": "stability_plan.walkthroughstep",
    "pk": 1,
    "fields": {
      "created": "2020-05-22T16:28:45.539Z",
      "modified": "2020-05-29T15:53:12.023Z",
      "status": "active",
      "walkthrough": 1,
      "step": 1,
      "order": 15
    }
  },
  {
    "model": "stability_plan.walkthroughstep",
    "pk": 2,
    "fields": {
      "created": "2020-05-22T16:29:07.339Z",
      "modified": "2020-05-22T16:31:28.175Z",
      "status": "active",
      "walkthrough": 1,
      "step": 5,
      "order": 30
    }
  },
  {
    "model": "stability_plan.walkthroughstep",
    "pk": 3,
    "fields": {
      "created": "2020-05-22T16:31:17.118Z",
      "modified": "2020-05-22T16:31:28.144Z",
      "status": "active",
      "walkthrough": 1,
      "step": 6,
      "order": 20
    }
  },
  {
    "model": "stability_plan.walkthroughstep",
    "pk": 4,
    "fields": {
      "created": "2020-05-22T16:32:21.224Z",
      "modified": "2020-05-22T16:32:21.224Z",
      "status": "active",
      "walkthrough": 1,
      "step": 2,
      "order": 40
    }
  },
  {
    "model": "stability_plan.walkthroughstep",
    "pk": 5,
    "fields": {
      "created": "2020-05-22T16:35:29.151Z",
      "modified": "2020-05-29T15:40:51.143Z",
      "status": "active",
      "walkthrough": 1,
      "step": 7,
      "order": 50
    }
  },
  {
    "model": "stability_plan.walkthroughstep",
    "pk": 6,
    "fields": {
      "created": "2020-05-22T16:39:35.095Z",
      "modified": "2020-05-22T16:39:35.095Z",
      "status": "active",
      "walkthrough": 1,
      "step": 8,
      "order": 60
    }
  },
  {
    "model": "stability_plan.walkthroughstep",
    "pk": 7,
    "fields": {
      "created": "2020-05-22T19:08:18.568Z",
      "modified": "2020-05-22T19:09:22.558Z",
      "status": "active",
      "walkthrough": 1,
      "step": 9,
      "order": 70
    }
  },
  {
    "model": "stability_plan.walkthroughstep",
    "pk": 8,
    "fields": {
      "created": "2020-05-22T19:08:55.173Z",
      "modified": "2020-05-22T19:09:22.553Z",
      "status": "active",
      "walkthrough": 1,
      "step": 4,
      "order": 80
    }
  },
  {
    "model": "stability_plan.walkthroughstep",
    "pk": 9,
    "fields": {
      "created": "2020-05-22T19:09:07.414Z",
      "modified": "2020-05-29T19:06:56.215Z",
      "status": "active",
      "walkthrough": 1,
      "step": 11,
      "order": 100
    }
  },
  {
    "model": "stability_plan.walkthroughstep",
    "pk": 13,
    "fields": {
      "created": "2020-05-29T15:52:44.374Z",
      "modified": "2020-05-29T15:52:44.374Z",
      "status": "active",
      "walkthrough": 1,
      "step": 12,
      "order": 1000
    }
  },
  {
    "model": "stability_plan.walkthroughstep",
    "pk": 14,
    "fields": {
      "created": "2020-05-29T15:56:40.896Z",
      "modified": "2020-05-29T19:06:26.518Z",
      "status": "active",
      "walkthrough": 1,
      "step": 10,
      "order": 75
    }
  },
  {
    "model": "stability_plan.walkthroughstep",
    "pk": 15,
    "fields": {
      "created": "2020-05-29T16:04:26.446Z",
      "modified": "2020-05-30T00:12:59.100Z",
      "status": "active",
      "walkthrough": 1,
      "step": 13,
      "order": 90
    }
  },
  {
    "model": "stability_plan.walkthroughstep",
    "pk": 16,
    "fields": {
      "created": "2020-06-01T20:29:11.991Z",
      "modified": "2020-06-01T20:29:11.991Z",
      "status": "active",
      "walkthrough": 3,
      "step": 9,
      "order": 2
    }
  },
  {
    "model": "stability_plan.walkthroughstep",
    "pk": 17,
    "fields": {
      "created": "2020-06-05T19:03:16.432Z",
      "modified": "2020-06-05T19:03:22.980Z",
      "status": "active",
      "walkthrough": 1,
      "step": 14,
      "order": 10
    }
  },
  {
    "model": "stability_plan.step",
    "pk": 1,
    "fields": {
      "created": "2020-05-22T15:42:43.330Z",
      "modified": "2020-06-23T00:07:46.437Z",
      "status": "active",
      "name": "Physical coping strat",
      "notes": "If no coping strategies in coping_body have been selected by user, then default to paced breathing -- needs top_physical_coping_strategy as the function to make this happen.\r\n\r\nDO NOT fill in Default Object ID, otherwise that will be the object supplied instead of paced breathing.",
      "content_type": [
        "kiosk",
        "copingstrategy"
      ],
      "object_id": null,
      "frontend_render_type": "copingStrategy",
      "skip_if_blank": false,
      "function": "top_physical_coping_strategy"
    }
  },
  {
    "model": "stability_plan.step",
    "pk": 2,
    "fields": {
      "created": "2020-05-22T15:44:09.604Z",
      "modified": "2020-06-23T00:05:58.327Z",
      "status": "active",
      "name": "Favorite PLE/shared story video",
      "notes": "EF 5/22: arbitrary PLE video here to show default fallback if a shared story is not favorited by the user",
      "content_type": [
        "kiosk",
        "sharedstory"
      ],
      "object_id": 7,
      "frontend_render_type": "sharedStory",
      "skip_if_blank": false,
      "function": "favorite_shared_story"
    }
  },
  {
    "model": "stability_plan.step",
    "pk": 3,
    "fields": {
      "created": "2020-05-22T15:45:11.575Z",
      "modified": "2020-05-22T16:15:36.137Z",
      "status": "active",
      "name": "Breathe App",
      "notes": "",
      "content_type": null,
      "object_id": null,
      "frontend_render_type": "breathe",
      "skip_if_blank": false,
      "function": ""
    }
  },
  {
    "model": "stability_plan.step",
    "pk": 4,
    "fields": {
      "created": "2020-05-22T16:01:22.091Z",
      "modified": "2020-06-23T00:04:48.474Z",
      "status": "active",
      "name": "Comfort & Skill Video",
      "notes": "",
      "content_type": [
        "awsmedia",
        "media"
      ],
      "object_id": 18,
      "frontend_render_type": "activity",
      "skip_if_blank": false,
      "function": "favorite_activity"
    }
  },
  {
    "model": "stability_plan.step",
    "pk": 5,
    "fields": {
      "created": "2020-05-22T16:08:35.594Z",
      "modified": "2020-06-23T00:05:15.093Z",
      "status": "active",
      "name": "Coping strategies",
      "notes": "",
      "content_type": [
        "kiosk",
        "copingstrategy"
      ],
      "object_id": 2,
      "frontend_render_type": "copingStrategy",
      "skip_if_blank": false,
      "function": "top_non_physical_coping_strategies"
    }
  },
  {
    "model": "stability_plan.step",
    "pk": 6,
    "fields": {
      "created": "2020-05-22T16:29:40.751Z",
      "modified": "2020-06-23T00:06:22.247Z",
      "status": "active",
      "name": "Guide message",
      "notes": "",
      "content_type": [
        "kiosk",
        "guidemessage"
      ],
      "object_id": 1,
      "frontend_render_type": "guide",
      "skip_if_blank": false,
      "function": ""
    }
  },
  {
    "model": "stability_plan.step",
    "pk": 7,
    "fields": {
      "created": "2020-05-22T16:35:09.193Z",
      "modified": "2020-06-23T00:08:05.040Z",
      "status": "active",
      "name": "Watch: Reasons for Living",
      "notes": "EF 5/22: arbitrary video used w/o test text in the media entry\r\nEF 6/5: real video in place: Intro - Reasons for Living - Walkthrough with text as well",
      "content_type": [
        "awsmedia",
        "media"
      ],
      "object_id": 195,
      "frontend_render_type": "videoDescription",
      "skip_if_blank": false,
      "function": ""
    }
  },
  {
    "model": "stability_plan.step",
    "pk": 8,
    "fields": {
      "created": "2020-05-22T16:39:18.192Z",
      "modified": "2020-06-08T18:31:14.914Z",
      "status": "active",
      "name": "My Reasons for Living",
      "notes": "",
      "content_type": null,
      "object_id": null,
      "frontend_render_type": "reasonsForLiving",
      "skip_if_blank": true,
      "function": ""
    }
  },
  {
    "model": "stability_plan.step",
    "pk": 9,
    "fields": {
      "created": "2020-05-22T16:40:19.661Z",
      "modified": "2020-06-23T00:07:59.191Z",
      "status": "active",
      "name": "Watch: Making Home Safer",
      "notes": "EF 5/22: this is an arbitrary video for testing purposes. Does have test text in the media entry\r\nEF 6/5: video updated with Intro - Making Home Safer - Walkthrough, with correct text\r\n\r\n6/8",
      "content_type": [
        "awsmedia",
        "media"
      ],
      "object_id": 196,
      "frontend_render_type": "videoDescription",
      "skip_if_blank": false,
      "function": ""
    }
  },
  {
    "model": "stability_plan.step",
    "pk": 10,
    "fields": {
      "created": "2020-05-22T16:41:01.243Z",
      "modified": "2020-06-08T18:32:29.923Z",
      "status": "active",
      "name": "Making My Home Safer",
      "notes": "Use personalizedLethalMeans, Skip If Blank=False",
      "content_type": null,
      "object_id": null,
      "frontend_render_type": "personalizedLethalMeans",
      "skip_if_blank": false,
      "function": ""
    }
  },
  {
    "model": "stability_plan.step",
    "pk": 11,
    "fields": {
      "created": "2020-05-22T16:48:34.714Z",
      "modified": "2020-06-23T00:05:24.577Z",
      "status": "active",
      "name": "Crisis Line",
      "notes": "",
      "content_type": [
        "kiosk",
        "helpline"
      ],
      "object_id": 1,
      "frontend_render_type": "nationalHotline",
      "skip_if_blank": false,
      "function": ""
    }
  },
  {
    "model": "stability_plan.step",
    "pk": 12,
    "fields": {
      "created": "2020-05-29T15:52:02.490Z",
      "modified": "2020-05-29T15:52:02.490Z",
      "status": "active",
      "name": "Recap",
      "notes": "",
      "content_type": null,
      "object_id": null,
      "frontend_render_type": "recap",
      "skip_if_blank": false,
      "function": ""
    }
  },
  {
    "model": "stability_plan.step",
    "pk": 13,
    "fields": {
      "created": "2020-05-29T16:03:52.832Z",
      "modified": "2020-05-30T00:12:37.995Z",
      "status": "active",
      "name": "Supportive People",
      "notes": "",
      "content_type": null,
      "object_id": null,
      "frontend_render_type": "supportivePeople",
      "skip_if_blank": true,
      "function": ""
    }
  },
  {
    "model": "stability_plan.step",
    "pk": 14,
    "fields": {
      "created": "2020-06-05T19:02:57.351Z",
      "modified": "2020-07-02T00:18:20.074Z",
      "status": "active",
      "name": "Distress Survival Guide Intro",
      "notes": "6/8: Welcome, introduction, Distress survival guide, Topher's...., Guide Introduction, Walkthrough, Watch this:, Topher's Introduction, start here, Start by watching, We're glad you're here, Let's get started, To start, watch:, \r\n\r\nWatch: Topher's Introduction",
      "content_type": [
        "awsmedia",
        "media"
      ],
      "object_id": 194,
      "frontend_render_type": "videoDescription",
      "skip_if_blank": false,
      "function": ""
    }
  },
  {
    "model": "taggit.tag",
    "pk": 2,
    "fields": {
      "name": "My-Story",
      "slug": "my-story"
    }
  },
  {
    "model": "taggit.tag",
    "pk": 3,
    "fields": {
      "name": "Ashley",
      "slug": "Ashley"
    }
  },
  {
    "model": "taggit.tag",
    "pk": 4,
    "fields": {
      "name": "Shared-Story",
      "slug": "shared-story"
    }
  },
  {
    "model": "taggit.tag",
    "pk": 5,
    "fields": {
      "name": "My-Wish-For-You",
      "slug": "my-wish-for-you"
    }
  },
  {
    "model": "taggit.tag",
    "pk": 6,
    "fields": {
      "name": "Kelechi",
      "slug": "kelechi"
    }
  },
  {
    "model": "taggit.tag",
    "pk": 7,
    "fields": {
      "name": "What-I-Do-To-Stay-Well",
      "slug": "what-i-do-to-stay-well"
    }
  },
  {
    "model": "taggit.tag",
    "pk": 8,
    "fields": {
      "name": "First-Week-Out",
      "slug": "first-week-out"
    }
  },
  {
    "model": "taggit.tag",
    "pk": 9,
    "fields": {
      "name": "Relationship-To-Suicide",
      "slug": "relationship-to-suicide"
    }
  },
  {
    "model": "taggit.tag",
    "pk": 10,
    "fields": {
      "name": "Topher",
      "slug": "topher"
    }
  },
  {
    "model": "taggit.tag",
    "pk": 11,
    "fields": {
      "name": "ocean life",
      "slug": "ocean-life"
    }
  },
  {
    "model": "taggit.tag",
    "pk": 12,
    "fields": {
      "name": "comfort and skills",
      "slug": "comfort-and-skills"
    }
  },
  {
    "model": "taggit.tag",
    "pk": 13,
    "fields": {
      "name": "crackling fireplace",
      "slug": "crackling-fireplace"
    }
  },
  {
    "model": "taggit.tag",
    "pk": 14,
    "fields": {
      "name": "puppies",
      "slug": "puppies"
    }
  },
  {
    "model": "taggit.tag",
    "pk": 15,
    "fields": {
      "name": "WTE",
      "slug": "wte"
    }
  },
  {
    "model": "taggit.tag",
    "pk": 16,
    "fields": {
      "name": "What to expect today",
      "slug": "what-to-expect-today"
    }
  },
  {
    "model": "taggit.tag",
    "pk": 17,
    "fields": {
      "name": "Intro",
      "slug": "intro"
    }
  },
  {
    "model": "taggit.tag",
    "pk": 18,
    "fields": {
      "name": "Dave",
      "slug": "dave"
    }
  },
  {
    "model": "taggit.tag",
    "pk": 19,
    "fields": {
      "name": "Diana",
      "slug": "diana"
    }
  },
  {
    "model": "taggit.tag",
    "pk": 20,
    "fields": {
      "name": "Tutorial-Video",
      "slug": "tutorial-video"
    }
  },
  {
    "model": "taggit.tag",
    "pk": 21,
    "fields": {
      "name": "Distract",
      "slug": "distract"
    }
  },
  {
    "model": "taggit.tag",
    "pk": 22,
    "fields": {
      "name": "Inside Outside",
      "slug": "inside-outside"
    }
  },
  {
    "model": "taggit.tag",
    "pk": 23,
    "fields": {
      "name": "Charles",
      "slug": "charles"
    }
  },
  {
    "model": "taggit.tag",
    "pk": 24,
    "fields": {
      "name": "mindfulness",
      "slug": "mindfulness"
    }
  },
  {
    "model": "taggit.tag",
    "pk": 25,
    "fields": {
      "name": "trust",
      "slug": "trust"
    }
  },
  {
    "model": "taggit.tag",
    "pk": 26,
    "fields": {
      "name": "beth",
      "slug": "beth"
    }
  },
  {
    "model": "taggit.tag",
    "pk": 27,
    "fields": {
      "name": "hardest moments",
      "slug": "hardest-moments"
    }
  },
  {
    "model": "taggit.tag",
    "pk": 28,
    "fields": {
      "name": "opposite action",
      "slug": "opposite-action"
    }
  },
  {
    "model": "taggit.tag",
    "pk": 29,
    "fields": {
      "name": "marsha",
      "slug": "marsha"
    }
  },
  {
    "model": "taggit.tag",
    "pk": 30,
    "fields": {
      "name": "OA",
      "slug": "oa"
    }
  },
  {
    "model": "taggit.tag",
    "pk": 31,
    "fields": {
      "name": "thought replacement",
      "slug": "thought-replacement"
    }
  },
  {
    "model": "taggit.tag",
    "pk": 32,
    "fields": {
      "name": "describe",
      "slug": "describe"
    }
  },
  {
    "model": "taggit.tag",
    "pk": 33,
    "fields": {
      "name": "participate",
      "slug": "participate"
    }
  },
  {
    "model": "taggit.tag",
    "pk": 34,
    "fields": {
      "name": "effectiveness",
      "slug": "effectiveness"
    }
  },
  {
    "model": "taggit.tag",
    "pk": 35,
    "fields": {
      "name": "nonjudgmentally",
      "slug": "nonjudgmentally"
    }
  },
  {
    "model": "taggit.tag",
    "pk": 36,
    "fields": {
      "name": "one mindfully",
      "slug": "one-mindfully"
    }
  },
  {
    "model": "taggit.tag",
    "pk": 37,
    "fields": {
      "name": "practice",
      "slug": "practice"
    }
  },
  {
    "model": "taggit.tag",
    "pk": 38,
    "fields": {
      "name": "emotion",
      "slug": "emotion"
    }
  },
  {
    "model": "taggit.tag",
    "pk": 40,
    "fields": {
      "name": "Opposite-Action",
      "slug": "opposite-action_1"
    }
  },
  {
    "model": "taggit.tag",
    "pk": 42,
    "fields": {
      "name": "Comfort-and-Skills",
      "slug": "comfort-and-skills_1"
    }
  },
  {
    "model": "taggit.tag",
    "pk": 43,
    "fields": {
      "name": "PLE",
      "slug": "ple"
    }
  },
  {
    "model": "taggit.tag",
    "pk": 44,
    "fields": {
      "name": "experience in the ED",
      "slug": "experience-in-the-ed"
    }
  },
  {
    "model": "taggit.tag",
    "pk": 46,
    "fields": {
      "name": "first week out",
      "slug": "first-week-out_1"
    }
  },
  {
    "model": "taggit.tag",
    "pk": 48,
    "fields": {
      "name": "my wish for you",
      "slug": "my-wish-for-you_1"
    }
  },
  {
    "model": "taggit.tag",
    "pk": 50,
    "fields": {
      "name": "shared story",
      "slug": "shared-story_1"
    }
  },
  {
    "model": "taggit.tag",
    "pk": 52,
    "fields": {
      "name": "relationship to suicide",
      "slug": "relationship-to-suicide_1"
    }
  },
  {
    "model": "taggit.tag",
    "pk": 53,
    "fields": {
      "name": "shared stories",
      "slug": "shared-stories"
    }
  },
  {
    "model": "taggit.tag",
    "pk": 54,
    "fields": {
      "name": "Ashley - My Story",
      "slug": "ashley-my-story"
    }
  },
  {
    "model": "taggit.tag",
    "pk": 55,
    "fields": {
      "name": "Kelechi-First Week Out",
      "slug": "kelechi-first-week-out"
    }
  },
  {
    "model": "taggit.tag",
    "pk": 56,
    "fields": {
      "name": "Kelechi - my first week out",
      "slug": "kelechi-my-first-week-out"
    }
  },
  {
    "model": "taggit.tag",
    "pk": 58,
    "fields": {
      "name": "my story",
      "slug": "my-story_1"
    }
  },
  {
    "model": "taggit.tag",
    "pk": 60,
    "fields": {
      "name": "what i do to stay well",
      "slug": "what-i-do-to-stay-well_1"
    }
  },
  {
    "model": "taggit.tag",
    "pk": 61,
    "fields": {
      "name": "experience in the ED pt. 2",
      "slug": "experience-in-the-ed-pt-2"
    }
  },
  {
    "model": "taggit.tag",
    "pk": 62,
    "fields": {
      "name": "Surviving the ER",
      "slug": "surviving-the-er"
    }
  },
  {
    "model": "taggit.tag",
    "pk": 63,
    "fields": {
      "name": "My ER Experience",
      "slug": "my-er-experience"
    }
  },
  {
    "model": "taggit.tag",
    "pk": 64,
    "fields": {
      "name": "going home",
      "slug": "going-home"
    }
  },
  {
    "model": "taggit.tag",
    "pk": 65,
    "fields": {
      "name": "Lisa",
      "slug": "lisa"
    }
  },
  {
    "model": "taggit.tag",
    "pk": 66,
    "fields": {
      "name": "Emmy",
      "slug": "emmy"
    }
  },
  {
    "model": "taggit.tag",
    "pk": 67,
    "fields": {
      "name": "Thai",
      "slug": "thai"
    }
  },
  {
    "model": "taggit.tag",
    "pk": 68,
    "fields": {
      "name": "relationship to suicide now",
      "slug": "relationship-to-suicide-now"
    }
  },
  {
    "model": "taggit.tag",
    "pk": 69,
    "fields": {
      "name": "coping with shame",
      "slug": "coping-with-shame"
    }
  },
  {
    "model": "taggit.tag",
    "pk": 70,
    "fields": {
      "name": "shame",
      "slug": "shame"
    }
  },
  {
    "model": "taggit.tag",
    "pk": 71,
    "fields": {
      "name": "Ursula",
      "slug": "ursula"
    }
  },
  {
    "model": "taggit.tag",
    "pk": 72,
    "fields": {
      "name": "Jim",
      "slug": "jim"
    }
  },
  {
    "model": "taggit.tag",
    "pk": 73,
    "fields": {
      "name": "Supportive People",
      "slug": "supportive-people"
    }
  }
]